ID,Sentences
1,TÍNH GIÙM MỘT CỘNG MỘT
2,TÍNH GIÙM MỘT CỘNG MỘT
3,TÁM GIỜ SÁNG NHẮC TÔI ĂN SÁNG
4,GỌI TÔI DẬY LÚC BẢY GIỜ
5,XÓA NHẮC NHỞ LÚC BA GIỜ CHIỀU
6,NHẮC TÔI ĐI DẠO LÚC NĂM GIỜ MỖI NGÀY
7,BA GIỜ CHIỀU NHẮC TÔI ĐI DẠO
8,NĂM GIỜ CHIỀU NAY TAO CÓ NHẮC NHỞ GÌ KHÔNG
9,MỖI NGÀY ĐÚNG SÁU GIỜ KÊU TAO DẬY
10,ĐẶT BÁO THỨC LÚC SÁU GIỜ
11,DỪNG BÓT CÁT
12,BÓT CÁT ĐANG PHÁT TÊN GÌ
13,MỞ TO LÊN MỘT NẤC
14,MỞ RA ĐI Ô TRONG HAI GIỜ
15,MỞ TIN CÔ VÍT
16,MỞ ĐÀI VÊ Ô VÊ
17,MỞ ÉP EM CHÍN MƯƠI CHÍN CHẤM CHÍN
18,MỞ VÊ Ô HẮT
19,CÒN MẤY NGÀY NỮA ĐẾN NGÀY HAI LĂM THÁNG BA
20,GIẢM ÂM LƯỢNG HAI MƯƠI PHẦN TRĂM
21,BẬT LU TÚT
22,KỂ CHUYỆN TIẾP THEO
23,KỂ TRUYỆN KHÁC ĐI
24,KỂ TRUYỆN CỔ TÍCH HAI TIẾNG
25,KỂ HAI TRUYỆN CỔ TÍCH
26,TẮT TI VI
27,MỞ TI VI
28,GIẢM MÁY LẠNH HAI HAI ĐỘ
29,TUI VỀ RỒI
30,MỞ MƯỜI BÀI HÁT NHẠC QUẨY
31,MỞ NHẠC ĐẾN HAI GIỜ CHIỀU
32,MỞ NHẠC TRONG HAI GIỜ
33,MỞ BÀI CHÂN TÌNH HAI LẦN
34,BAO NHIÊU TIỀN MỘT CÂY VÀNG
35,HAI NGÀN
36,TÔI GHÉT BẠN TIẾNG THÁI LAN LÀ GÌ
37,PHẠM PHƯƠNG HẰNG LÀ AI
38,NHẬN CUỘC GỌI
39,SÀI GÒN HÔM NAY CÓ GIÔNG KHÔNG
40,MỞ TẬP CỦA MỘT CHƯƠNG TRÌNH NGUY CƠ
41,MỞ BÓT CÁT CỦA QUỐC KHÁNH
42,MỞ BÓT CÁT CỦA QUỐC KHÁNH
43,MỞ BÓT CÁT
44,BỎ QUA KÊNH NÀY
45,MỞ TIN TỨC KÊNH ÉP EM CHÍN MƯƠI TÁM CỦA VÊ Ô VÊ
46,MỞ TIN TỨC KÊNH ÉP EM CHÍN MƯƠI TÁM CỦA VÊ Ô VÊ
47,MỞ TIN BUỔI SÁNG
48,MỞ KÊNH DON ÉP EM
49,MỞ ĐÀI VÊ Ô VÊ
50,MẾ ĐI Ờ
51,ĐIỀU KHIỂN LU TÚT
52,KỂ LẠI TRUYỆN MỘT LẦN NỮA
53,MỞ TRUYỆN MA TRONG NĂM TIẾNG
54,MỞ NĂM TRUYỆN CỔ TÍCH ĐI
55,TIỄN KHÁCH
56,TRẢ MÁY LẠNH XUỐNG HAI ĐỘ
57,MỞ DANH SÁCH NHẠC CỦA QUÉT LAI
58,MỞ MƯỜI BÀI HÁT NHẠC QUẨY
59,MỞ NHẠC ĐẾN HAI GIỜ CHIỀU
60,MỞ NHẠC TRONG HAI GIỜ
61,THÁNG TÁM CÓ BAO NHIÊU NGÀY
62,Ở GIỮA SỐ SÁU VÀ SỐ TÁM LÀ SỐ MẤY
63,MẮC GÌ KHÔNG CÓ AI PHON CHÍN VẬY MAI CA
64,CÓ MỘT TRĂM CA THÌ NÊN ĂN GÌ
65,DỊCH CHO TÔI HAI LY TRÀ SỮA SANG TIẾNG ANH
66,GỌI QUÁN BI GIA
67,MAI CÓ MƯA KHÔNG MAI CA
68,ĐÀ LẠT THÁNG SÁU LẠNH MẤY ĐỘ
69,THÁNG TƯ Ở NHA TRANG CÓ NẮNG LẮM KHÔNG
70,BỐN GIỜ CHIỀU Ở QUẬN MỘT CÓ MƯA KHÔNG
71,HAI BA NGÀY TRƯỚC BA MƯƠI THÁNG TƯ NHẮC ANH ĐẶT BÀN VỚI ĐẶT PHÒNG
72,TRƯỚC NGÀY VA LANH THAI NHỚ NHẮC ANH ĐI MUA HOA
73,ĐẶT NHẮC NHỞ ĐI KHÁM RĂNG VÀO NGÀY BA THÁNG SÁU VỚI NGÀY BẢY THÁNG CHÍN
74,BA TIẾNG NỮA CÓ NHẮC NHỞ GÌ
75,THỨ HAI BA NHẮC ANH ĐI DẠY ĐÚNG BỐN GIỜ
76,BẢY GIỜ SÁNG MAI NHỚ KÊU ANH DẬY
77,HAI TIẾNG NỮA NHẮC ANH CHƠI GEM
78,SÁU GIỜ SÁNG MAI ANH CÓ HẸN LÊN MÁY BAY NHỚ NHẮC
79,CHUYỂN BÁO THỨC TỪ SÁU GIỜ THÀNH SÁU GIỜ BA MƯƠI
80,ĐỌC KINH TRONG VÒNG BA MƯƠI PHÚT
81,MỞ THỬ MẤY BÀI BÓT CÁT
82,ĐỌC TIN CHO CẢ NHÀ NGHE ĐI MAI CA
83,TÁM GIỜ SÁNG EM MỞ TIN TỨC CHO ANH
84,ĐỌC TIN RÌ VIU VỀ MÁC BÚT ĐI EM
85,BẬT TÁC HẠI CỦA NGHIỆN GEM CHO TỤI NHỎ NÓ NGHE ĐI MAI CA
86,MAI CA CHUYỂN TIN
87,ĐỌC TIN ĐÁ BANH U HAI MƯƠI BA VIỆT NAM ĐI EM
88,BẬT TIẾNG MỘT ĐÀN CHÓ
89,NGÀY TÁM THÁNG BA LÀ THỨ MẤY TA
90,NGÀY MỘT THÁNG NĂM LÀ NGÀY MẤY
91,NÔ EN NĂM NAY
92,NAY NGÀY MẤY THÁNG SÁU RỒI
93,EM CÓ ĐANG MỞ LU TÚT THÌ TẮT ĐI
94,MỞ GIÙM ANH LU TÚT
95,ĐỌC TRUYỆN CỔ TÍCH VỀ MẸ KẾ ĐI MAI CA
96,MỞ MỘT TRUYỆN CƯỜI NGẮN VÀ HAI CHUYỆN BUỒN DÀI
97,LÚC TÁM GIỜ MỞ TRUYỆN BA CHÚ HEO CON CHO BÉ NGỦ
98,KỂ CHUYỆN MA CHO BÉ NGỦ ĐI MAI CA
99,MỞ ĐÈN VỚI QUẠT PHÒNG ĐẰNG TRƯỚC ĐI MAI CA
100,ĐÓNG CỬA GA RA LẠI
101,MỞ MÁY LẠNH HAI MƯƠI SÁU ĐỘ THÔI
102,ANH ĐI LÀM MAI CA TẮT HẾT ĐÈN VỚI CỬA LẠI GIÙM ANH
103,TẮT GIÙM ANH ĐÈN PHÒNG NGỦ
104,MỞ ĐÀI VÊ TÊ VÊ BA CHO ANH NHA
105,BẬT QUẠT SỐ HAI
106,MAI CA ANH QUÊN TẮT BẾP RỒI EM TẮT GIÙM ANH
107,BÀI HÁT BÀI NÀY CHIU PHẾT
108,CHO PHÁT NHẠC TRƯỚC NĂM MỘT CHÍN BẢY LĂM GIÙM ANH ĐI MAI CA
109,CHO PHÁT BẢN NHẠC TÔI ĐƯA EM SANG SÔNG ĐI MAI CA
110,SÁU GIỜ BA MƯƠI PHÚT SÁNG MAI PHÁT NHẠC NHÉ
111,HAI MƯƠI GIỜ BỐN MƯƠI PHÚT SÁNG NGÀY HÔM NAY MỞ NHẠC ĐÀM VĨNH HƯNG
112,A LÔ MỞ NHẠC ĐƯỜNG LÊN ĐỈNH Ô LUM BI A
113,BẢY GIỜ SÁNG MAI BẬT NHẠC CHO TÔI NGHE
114,BA MƯƠI BÀI HÁT BÔ LÊ RÔ CHỌN LỌC HAY NHẤT
115,MAI CA ĐANG HÁT BÀI GÌ ĐÓ
116,MƯỜI LĂM GIỜ BA MƯƠI MỞ BÀI CHÚ ẾCH CON
117,MƯỜI BÀI HÁT RAP VIỆT
118,TIẾNG THÁI NÓI ANH THÍCH EM NHƯ NÀO VẬY MAI CA
119,BA NHÂN MƯỜI HAI BẰNG BAO NHIÊU
120,QUẬN BA HÔM NAY THỜI TIẾT NHƯ THẾ NÀO
121,HÔM NAY Ở QUẬN BA CÓ MƯA KHÔNG
122,CHÍNH GIỜ BA MƯƠI SÁNG MAI NHẮC TÔI HỌP
123,NHẮC NHỞ TÔI MƯỜI MỘT GIỜ TỐI ĐI NGỦ
124,NHẮC TÔI NĂM PHÚT NỮA TĂNG CA
125,ĐẶT BÁO THỨC NGỦ DẬY LÚC BẢY GIỜ
126,ĐẶT BÁO THỨC BẢY GIỜ BA MƯƠI SÁNG
127,MỞ BÓT KHÁT TIẾNG VIỆT
128,MỞ BÓT CÁT MỚI PHÁT HÀNH
129,MỞ RÂY ĐI Ô
130,MỞ ĐÀI RÂY ĐI Ô VI ÂU VI
131,MỞ RÂY ĐI Ô CHÍN CHÍN CHẤM CHÍN
132,MỞ KÊNH RÂY ĐI Ô CA NHẠC
133,TẮT RÂY ĐI Ô SAU MƯỜI PHÚT
134,MỞ RA ĐI Ô TRONG HAI GIỜ
135,MỞ CHƯƠNG TRÌNH RA ĐI Ô BÚC
136,MỞ KINH ÉP EM TÁM CHÍN
137,MỞ VÊ Ô VÊ MỘT
138,PHÁT ÂM THANH TRẮNG TRONG BA MƯƠI PHÚT
139,NGÀY MƯỜI ÂM LỊCH LÀ THỨ MẤY
140,KẾT NỐI LU TÚT
141,BẬT CHẾ ĐỘ LU TÚT
142,KỂ TRUYỆN ĐẾN MƯỜI MỘT GIỜ
143,KỂ MƯỜI CÂU TRUYỆN CỔ TÍCH
144,PHÁT LIÊN TỤC BÀI NÀY NĂM LẦN
145,MỞ NHẠC TRONG MƯỜI LĂM PHÚT
146,LẶP LẠI BÀI NÀY MƯỜI LẦN
147,MỞ BÀI NÀY MƯỜI LẦN ĐI
148,PHÁT NHẠC HÒA TẤU TRONG HAI GIỜ
149,MỞ THÔNG TIN VỀ BÃO SỐ CHÍN
150,BẬT BÁO THỨC LÚC NĂM GIỜ SÁNG
151,MỞ KÊNH XON ÉP EM
152,MỞ KÊNH TRỰC TUYẾN VÊ Ô VÊ GIAO THÔNG
153,MỞ RA ĐI Ô GIỌNG MIỀN NAM
154,TUA LẠI NĂM PHÚT
155,MỞ RÂY ĐI Ô TÂM SỰ ĐÊM KHUYA
156,MỞ LỐC RÂY ĐI Ô Ý NGHĨA CUỘC SỐNG
157,MỞ LỐC RÂY ĐI Ô TÌNH YÊU
158,MỞ KÊNH RÂY ĐI Ô MƯỜI LĂM HÉT
159,MỞ TIẾNG ẾCH NHÁI KIU TRONG MỘT GIỜ
160,NGÀY BA MƯƠI THÁNG TƯ NHẰM NGÀY MẤY ÂM LỊCH
161,BA MƯƠI THÁNG TƯ LÀ THỨ MẤY
162,ĐẶT ÂM LƯỢNG MỨC NĂM
163,BẬT LU TÚT
164,ĐỌC TRUYỆN PHÒNG TRỌ BA NGƯỜI
165,HẠ NHIỆT ĐỘ XUỐNG MỨC HAI MƯƠI BA
166,MỞ NHẠC TẾT RÌ MÍC
167,MỞ BÀI NGÂY THƠ RÌ MÍT
168,PHÁT BÀI DẠ VŨ LẬP LẠI MƯỜI LẦN
169,MỞ NHẠC CỦA SÀI GÒN CHÍN ÍT
170,MỞ NHẠC GHI TA CỔ ĐIỂN
171,MỞ NHẠC TĂNG GÔ
172,MỞ BÀI BÀI KHÔNG TÊN SỐ NĂM CỦA BẰNG KIỀU
173,TÔI SINH NGÀY MƯỜI
174,TÔI SINH THÁNG CHÍN
175,BA GIỜ CHIỀU NAY CÓ MƯA KHÔNG
176,NGÀY MAI GỌI TÔI DẬY LÚC CHÍN GIỜ
177,NHẮC TÔI SAU NĂM MƯƠI PHÚT NỮA
178,GỌI TÔI DẬY VÀO LÚC SÁU GIỜ SÁNG MỖI NGÀY
179,BÁO THỨC CHÍN GIỜ SÁNG MAI
180,NGÀY MAI TÔI PHẢI ĐI BƠI LÚC NĂM GIỜ CHIỀU
181,MỞ CHƯƠNG CHÌNH CẢI LƯƠNG
182,BÓT CÁT ĐANG PHÁT CỦA AI
183,MỞ BÓT CÁT
184,BẬT KÊNH VÊ Ô VÊ MỘT
185,MỞ KÊNH VÊ Ô VÊ GIAO THÔNG
186,MỞ ĐÀI ÉP EM CHÍN MƯƠI CHÍN CHẤM CHÍN
187,MỞ RA ĐI Ô
188,NGÀY HAI MƯƠI BẢY THÁNG BA LÀ THỨ MẤY
189,TẮT LU TÚT
190,MỞ LU TÚT
191,BẬT CHUYỆN TRONG BA MƯƠI PHÚT
192,MỞ MƯỜI CHUYỆN CƯỜI
193,GIẢM ÂM LƯỢNG TI VI XUỐNG MỘT CHÚT
194,TĂNG NHIỆT ĐỘ LÊN HAI MƯƠI BẢY
195,TẮT ĐÈN PHÒNG NGỦ SỐ BA
196,BẬT NHIỆT ĐỘ HAI MƯƠI LĂM
197,MỞ MÁY LẠNH SỐ BỐN
198,MỞ NHẠC CHONG PHÒNG KHÁCH
199,MỞ NHẠC TRONG VÒNG BA MƯƠI PHÚT
200,MỞ BÀI CHẠY VỀ KHÓC VỚI ANH MƯỜI LẦN
201,MỞ NHẠC RÁP
202,MỞ ĐƯỜNG XƯA MÂY CHẮNG
203,XAM XUNG DO AI SÁNG LẬP
204,MƯỜI MŨ HAI BẰNG MẤY
205,TỐI NAY Ở QUẬN BẢY CÓ MƯA KHÔNG
206,THỜI TIẾT Ở QUẬN BẢY
207,CHỦ NHẬT TÔI Ở NHÀ NHẮC TÔI TRƯỚC HAI NGÀY
208,THỨ HAI TÔI ĐI LÀM NHẮC TÔI TRƯỚC MỘT NGÀY
209,NHẮC TÔI ĐI NGỦ LÚC MƯỜI MỘT GIỜ TỐI
210,NHẮC TÔI ĐÓNG TIỀN ĐIỆN VÀO NGÀY HAI MƯƠI TÁM HẰNG THÁNG
211,ĐẶT BÁO THỨC LÚC BẢY GIỜ SÁNG
212,NHẮC TÔI SAU BA MƯƠI PHÚT NỮA
213,NHẮC TÔI ĂN CƠM LÚC MƯỜI HAI GIỜ HẰNG NGÀY
214,NHẮC TÔI UỐNG NƯỚC SAU NĂM PHÚT NỮA
215,DỪNG BÓT CÁT
216,MỞ BÓT CÁT CỦA NGUYỄN NGỌC ANH
217,MỞ BÓT CÁT
218,MỞ RA ĐI Ô ÉP EM TÁM CHÍN
219,MỞ ĐÀI SÁU MỘT KHÔNG
220,MỞ ÉP EM CHÍN MỐT
221,MỞ VÊ Ô VÊ DAO THÔNG
222,MỞ VÊ Ô VÊ HAI
223,MỞ VÊ Ô VÊ MỘT
224,MỞ ĐÀI CHÍN LĂM CHẤM SÁU
225,MỞ ĐÀI CHÍN CHÍN CHẤM CHÍN
226,MỞ RA DÔ
227,PHÁT TIẾNG CON CHIM CHÍCH CHÒE
228,MỞ TIẾNG SÓNG BIỂN ĐẾN MƯỜI HAI GIỜ
229,MỞ TIẾNG NƯỚC CHẢY TRONG BA TIẾNG
230,CÒN BAO NHIÊU NGÀY NỮA ĐẾN NGÀY BA MƯƠI THÁNG TƯ
231,TẮT LU TÚT
232,MỞ LU TÚT
233,MỞ CÔNG TẮC HAI
234,MỞ CÔNG TẮC MỘT
235,LẶP LẠI BÀI NÀY BA LẦN
236,MỞ BÀI LẠC BA LẦN
237,KỂ MỘT SỐ QUÁN ĂN NỔI TIẾNG Ở SÀI GÒN
238,THỜI TIẾT BA NGÀY TIẾP THEO Ở ĐÀ NẴNG
239,THỜI TIẾT NGÀY BA MƯƠI THÁNG TƯ NĂM HAI KHÔNG HAI HAI Ở SA PA NHƯ THẾ NÀO
240,MỘT TIẾNG NỮA NHẮC TÔI RA KHỎI NHÀ
241,ĐẶT BÁO THỨC MƯỜI GIỜ SÁNG CÓ CUỘC HỌP NHÓM
242,CỨ HAI MƯƠI PHÚT NHẮC TÔI UỐNG NƯỚC
243,MƯỜI PHÚT NỮA NHẮC TÔI TẮT ĐÈN
244,NHẮC TÔI MƯỜI BỐN GIỜ CHIỀU CÓ CUỘC HỌP
245,GỌI TÔI DẬY VÀO BẢY GIỜ SÁNG MAI
246,DỪNG BỐT CÁT
247,BỐT CÁT ĐANG PHÁT TÊN GÌ
248,MỞ BỐT CÁT
249,MỞ TO LÊN MỘT NẤC
250,MỞ RA ĐI Ô TRONG HAI GIỜ
251,MỞ TIN CÔ VÍT
252,MỞ ĐÀI VÊ Ô VÊ
253,MỞ ÉP EM CHÍN CHÍN CHẤM CHÍN
254,MỞ VÊ Ô HẮT
255,MỞ ÂM THANH TRẮNG ĐẾN MƯỜI GIỜ TỐI
256,MỞ ÂM THANH TRẮNG TRONG HAI TIẾNG
257,RẰM THÁNG TÁM LÀ NGÀY MẤY DƯƠNG
258,CÒN MẤY NGÀY NỮA ĐẾN MỘT THÁNG TƯ
259,NGÀY MỘT THÁNG TƯ DƯƠNG LÀ NGÀY MẤY ÂM
260,NGÀY MỘT THÁNG TƯ TRÙNG THỨ MẤY
261,ĐỌC TRUYỆN CHO BÉ BA TUỔI
262,ĐỌC TRUYỆN CHO TRẺ SÁU TUỔI
263,ĐỌC TRUYỆN CỔ RIM
264,BẬT NHẠC SƠN TÙNG EM TI BI
265,MỞ BÀI NÀY TRONG MỘT TIẾNG
266,MAI CA LÀ NAM HAY NỮ
267,MAI CA SINH NĂM MẤY
268,TÁC GIẢ ĐÔ RÊ MON LÀ AI
269,PI CHIA CHO KHÔNG BẰNG MẤY
270,ÔNG GIÀ NÔ EN QUÊ Ở ĐÂU
271,NƯỚC NÀO Ở CHÂU ÂU CÓ GI ĐI PI CAO NHẤT
272,NƯỚC NÀO Ở CHÂU ÂU CÓ GI ĐI PI CAO NHẤT
273,NHẮC TÔI GỌI ĐIỆN THOẠI CHO BA BA LẦN MỘT TUẦN
274,NHẮC TÔI XEM RAP VIỆT MÙA BA
275,NHẮC SINH NHẬT BẠN GÁI VÀO HAI MƯƠI THÁNG HAI
276,NHẮC MÌNH LÀM TIỂU LUẬN LÚC HAI MƯƠI MỐT GIỜ MỖI NGÀY
277,NHẮC TÔI SOẠN ĐỒ ĐI CHƠI VÀO HAI MƯƠI GIỜ TỐI THỨ SÁU
278,NHẮC TAO ĐI NGỦ SAU HAI TIẾNG NỮA
279,BÁO THỨC TỪ SÁU GIỜ ĐẾN BẢY GIỜ MỖI LẦN CÁCH NHAU MƯỜI LĂM PHÚT
280,BÁO THỨC LÚC SÁU GIỜ KÉM MƯỜI LĂM
281,NIỆM PHẬT TRONG MỘT GIỜ
282,TẮT ĐÀI RA ĐI Ô
283,MỞ ĐÀI VÊ Ô VÊ SAU MỘT TIẾNG MƯỜI LĂM PHÚT
284,TIẾNG GIÓ CẤP ĐỘ NĂM
285,NÔ EN VÀO THỨ MẤY
286,NGÀY HAI BA THÁNG MƯỜI ÂM LỊCH LÀ THỨ MẤY
287,QUỐC KHÁNH HAI KHÔNG HAI HAI ĐƯỢC NGHỈ MẤY NGÀY
288,HAI MƯƠI BA THÁNG MƯỜI ÂM LỊCH LÀ NGÀY MẤY DƯƠNG LỊCH
289,TẾT KHƠ ME NĂM NAY VÀO NGÀY MẤY DƯƠNG LỊCH
290,THÁNG HAI NĂM NAY CÓ NGÀY HAI MƯƠI CHÍN KHÔNG
291,ĐỌC LU TÚT
292,KỂ CHUYỆN ĐẾN HAI MƯƠI HAI GIỜ KÉM MƯỜI LĂM
293,TẮT MÁY LẠNH SAU BỐN GIỜ SÁNG
294,TẮT MỞ ĐÈN LIÊN TỤC NĂM GIÂY
295,RÉT RUN RỒI
296,NỰC QUÁ
297,MỞ NHẠC THU ÂM TRƯỚC MỘT CHÍN BẢY LĂM
298,SÁU GIỜ SÁNG MAI MỞ BÀI CHÀO BUỔI SÁNG
299,MƯỜI LĂM PHÚT NỮA MỞ BÀI TAN TRƯỜNG
300,MỞ BÀI CÒN THỞ LÀ CÒN GỠ RAP VIỆT MÙA HAI
301,MAI CA CÓ
302,BA TRĂM HAI MƯƠI LĂM CỘNG MƯỜI SÁU TRỪ NĂM MƯƠI CHÍN BẰNG BAO NHIÊU
303,ĐÔ LA LÀ ĐƠN VỊ TIỀN CỦA NƯỚC NÀO
304,ĐỊNH LUẬT NIU TƠN
305,CỨ HAI MƯƠI PHÚT NHẮC TUI UỐNG NƯỚC
306,BÁO THỨC CHIỀU NAY ĐI SIÊU THỊ LÚC SÁU GIỜ
307,BÁO THỨC BẢY GIỜ SÁNG MỖI NGÀY ĐI TẬP THỂ DỤC
308,NHẮC TÔI NĂM PHÚT NỮA NẤU CƠM
309,NHẮC TÔI SAU MƯỜI PHÚT
310,BÁO TUI VÀO SÁU GIỜ BA MƯƠI PHÚT MỖI NGÀY
311,LẶP LẠI BỐT CÁT NÀY ĐẾN TÁM GIỜ TỐI
312,PHÁT KINH PHẬT NÀY MƯỜI LẦN
313,MỞ BỐT CÁT CHỦ ĐỀ DẠY TRẺ
314,MỞ BỐT CÁT CỦA VẬT VỜ
315,MỞ BỐT CÁT
316,DỪNG PHÁT KINH
317,MỞ RA ĐI Ô TRONG HAI GIỜ
318,MỞ TIN TIẾP THEO
319,MỞ RA ĐI Ô
320,MỞ CHƯƠNG TRÌNH RA ĐI Ô
321,MỞ RA ĐI Ô ĐÀI TRÀ VINH
322,MỞ TIẾNG THÁC MỞ TIẾNG THÁC NƯỚC ĐỔ ĐẾN MƯỜI GIỜ TỐI
323,MỞ ÂM THANH TRẮNG TRONG MỘT TIẾNG
324,TẾT HAI KHÔNG HAI BA RƠI VÀO THỨ MẤY
325,CHỈNH ÂM LƯỢNG MỨC BẢY
326,TẮT CHẾ ĐỘ LU TÚT
327,BẬT LU TÚT
328,KỂ CHUYỆN SƠN TINH THỦY TINH BA LẦN
329,PHÁT TRUYỆN KINH DỊ ĐẾN MƯỜI MỘT GIỜ TỐI
330,ĐỌC MƯỜI TRUYỆN CƯỜI
331,KỂ CHUYỆN CỔ TÍCH TRONG BA MƯƠI PHÚT
332,PHÁT BÀI NÀY NĂM LẦN
333,LẶP LẠI BÀI NÀY TRONG HAI MƯƠI PHÚT
334,MỞ NHẠC TRONG BA MƯƠI PHÚT
335,MỞ NHẠC RÌ MÍT
336,CÔNG THỨC TÍNH CHU VI HÌNH CHỮ NHẬT
337,XĂNG HÔM NAY BAO NHIÊU MỘT LÍT
338,CÓ NGUY CƠ CHIẾN TRANH THẾ GIỚI THỨ BA KHÔNG
339,TÍNH DÙM TÔI MỘT VỚI MỘT LÀ MẤY
340,MỘT VỚI MỘT LÀ MẤY
341,MỘT CỘNG MỘT BẰNG MẤY
342,DIU RAI NA NẰM Ở ĐÂU
343,AI ĐANG GỌI CHO TUI
344,TIA U VÊ HÔM NAY CAO BAO NHIÊU
345,QUẬN BA HÔM NAY CÓ NẮNG KHÔNG
346,NHIỆT ĐỘ NGOÀI TRỜI HIỆN TẠI Ở QUẬN BA
347,ĐẶT BÁO THỨC TÁM GIỜ ĐI TƯỚI CÂY
348,LÚC MƯỜI BẢY GIỜ NHẮC TÔI ĐI VỀ
349,NĂM PHÚT NỮA NHẮC TÔI UỐNG THUỐC
350,NHẮC TÔI ĐI LÀM LÚC TÁM GIỜ SÁNG MỖI NGÀY
351,NHẮC TÔI SAU BA MƯƠI PHÚT NỮA
352,MỞ NIỆM PHẬT TRONG BA TIẾNG
353,MỞ TIN VI EN ẸT RÉT
354,MỞ TIN LIÊN QUAN TỔNG THỐNG DIU RAI NA
355,BẬT RA ĐI Ô LÀN SÓNG XANH
356,MỞ RA ĐI Ô CHÍN CHÍN MÊ GA HÉT
357,BẬT RA ĐI Ô
358,MỞ ÂM THANH TRẮNG TRONG MƯỜI LĂM PHÚT
359,BA MƯƠI THÁNG TƯ NĂM NAY ĐƯỢC NGHỈ MẤY NGÀY
360,RẰM THÁNG TÁM NHẰM NGÀY MẤY DƯƠNG LỊCH
361,BA MƯƠI THÁNG TƯ RƠI VÀO NGÀY MẤY ÂM LỊCH
362,BA MƯƠI THÁNG TƯ NHẰM THỨ MẤY
363,CÒN MẤY NGÀY NỮA TỚI BA MƯƠI THÁNG TƯ
364,BẬT LU TÚT
365,ĐỌC CHUYỆN ĂN KHẾ TRẢ VÀNG ĐẾN MƯỜI GIỜ TỐI
366,DỪNG CHUYỆN
367,ĐỌC MƯỜI CHUYỆN NGỤ NGÔN
368,KỂ CHUYỆN SỰ TÍCH CÂY CHỔI BA LẦN
369,CHUYỂN MÀU ĐÈN SANG CHẾ ĐỘ ĐỌC SÁCH
370,GIẢM NHIỆT ĐỘ MÁY LẠNH XUỐNG HAI ĐỘ
371,TĂNG ÂM LƯỢNG TI VI PHÒNG KHÁCH
372,HÉ LÔ
373,MỞ BÀI LỐI NHỎ MƯỜI LẦN
374,GIẢM TỐC ĐỘ PHÁT MỘT LẦN
375,TĂNG TỐC ĐỘ PHÁT HAI LẦN
376,PHÁT LÙI MƯỜI GIÂY
377,PHÁT TỚI MƯỜI GIÂY
378,HÁT BÀI NÀY TRONG BA MƯƠI PHÚT
379,DỊCH CÂU AI LỚP DU SANG TIẾNG NHẬT
380,CHỦNG CÔ VÍT MỚI LÀ CHỦNG GÌ
381,HÀ NỘI ĐANG CÓ BAO NHIÊU CA CÔ VÍT
382,HIỆN CÓ BAO NHIÊU CA CÔ VÍT
383,MỘT HAI BỐN CỘNG HAI BA BỐN BẰNG MẤY
384,MỘT CỘNG MỘT BẰNG MẤY
385,BẢY GIỜ TỐI NHẮC TÔI ĐI NGỦ
386,TÁM GIỜ SÁNG NHẮC TÔI ĐI BƠI
387,NHẮC TÔI NGỦ SỚM LÚC HAI GIỜ SÁNG MỖI NGÀY
388,NHẮC TÔI BỆ HẠ VẪN CÒN CƠ HỘI CUỐI CÙNG LÚC TÁM GIỜ HAI MƯƠI SÁNG
389,NHẮC TÔI BỆ HẠ XIN NGƯỜI TỈNH TÁO LÚC TÁM GIỜ SÁNG
390,NHẮC TÔI BỆ HẠ THỊNH THỨC DẬY LÚC BẢY GIỜ BỐN MƯƠI LĂM SÁNG
391,NHẮC TÔI BỆ HẠ SẼ TRỄ LÀM LÚC BẢY GIỜ BA MƯƠI SÁNG
392,NHẮC TÔI BỆ HẠ ĐÃ TỚI GIỜ LÀM LÚC BẢY GIỜ SÁNG
393,NHẮC TÔI NGỦ LÚC SÁU GIỜ SÁNG
394,KÊU TÔI DẬY LÚC BA GIỜ SÁNG
395,TỤNG KINH NI
396,CHUYỂN BÓT CÁT KHÁC
397,MỞ BÓT CÁT
398,MỞ TIN CỦA VÊ Ô VÊ
399,MỞ TIN CỦA VÊ Ô HẮT
400,MỞ ĐẠI MỘT RA ĐI Ô NÀO ĐÓ
401,MỞ RA ĐI Ô
402,BA MƯƠI THÁNG TƯ LÀ THỨ MẤY
403,MỞ LU TÚT
404,MỞ TRUYỆN TRƯỚC ĐÓ
405,MỞ TRUYỆN CỔ TÍCH TRONG BA MƯƠI PHÚT
406,TẮT ĐÈN TO LÉT
407,TẮT TI VI
408,CHỈNH MÁY LẠNH HAI MƯƠI SÁU ĐỘ
409,MỞ BÀI HAI GIỜ SÁNG
410,MỞ NHẠC TỚI HAI GIỜ SÁNG
411,MỞ NHẠC TRONG HAI TIẾNG
412,ĐÁP ÁN CỦA PHÉP TÍNH HAI TRĂM NĂM MƯƠI SÁU CỘNG BẢY MƯƠI TÁM TRỪ BỐN MƯƠI CHÍN LÀ BAO NHIÊU
413,QUẬN BA HÔM NAY CÓ MƯA KHÔNG
414,HÔM NAY Ở QUẬN BA TRỜI CÓ NÓNG KHÔNG
415,MỘT TIẾNG NỮA NHẮC TÔI RA KHỎI NHÀ
416,ĐẶT BÁO THỨC MƯỜI GIỜ SÁNG CÓ CUỘC HỌP NHÓM
417,CỨ HAI MƯƠI PHÚT NHẮC TÔI UỐNG NƯỚC
418,MƯỜI PHÚT NỮA NHẮC TÔI TẮT ĐÈN
419,NHẮC TÔI MƯỜI BỐN GIỜ CHIỀU CÓ CUỘC HỌP
420,TÔI CÓ NHỮNG NHẮC NHỞ GÌ
421,GỌI TÔI DẬY VÀO BẢY GIỜ SÁNG MAI
422,PHÁT BÓT CÁT ĐẾN MƯỜI GIỜ TỐI
423,LẶP LẠI BÓT CÁT NÀY BA LẦN
424,MỞ KINH PHẬT NÀY ĐẾN MƯỜI MỘT GIỜ TỐI
425,MỞ BÓT CÁT CỦA QUỐC KHÁNH
426,MỞ BÓT CÁT GIA ĐÌNH
427,MỞ BÓT CÁT
428,TẮT RA ĐI Ô
429,MỞ RA ĐI Ô TRONG MỘT TIẾNG
430,MỞ RA ĐI Ô CHÍN MỐT
431,MỞ VÊ Ô VÊ GIAO THÔNG
432,PHÁT ÂM THANH TRẮNG TRONG BA MƯƠI PHÚT
433,TẮT CHẾ ĐỘ LU TÚT
434,BẬT LU TÚT
435,LẶP LẠI CÂU CHUYỆN ĐANG KỂ BA LẦN
436,PHÁT TRUYỆN TRONG BA MƯƠI PHÚT
437,KỂ CHUYỆN NGỤ NGÔN
438,KỂ CHUYỆN CỔ TÍCH ĐẾN MƯỜI GIỜ TỐI
439,KỂ MƯỜI TRUYỆN NGỤ NGÔN
440,KỂ HAI TRUYỆN CỔ TÍCH
441,TĂNG NHIỆT ĐỘ PHÒNG ĐẾN BA MƯƠI ĐỘ
442,GIẢM MÁY LẠNH XUỐNG MỘT ĐỘ
443,TĂNG NHIỆT ĐỘ MÁY LẠNH THÊM HAI ĐỘ
444,BẬT TI VI
445,PHÁT BÀI HÁT NÀY MƯỜI LẦN
446,MỞ DANH SÁCH NHẠC ÂU MỸ TRONG BA MƯƠI PHÚT
447,TỔNG CỦA BA TRĂM HAI LĂM VÀ NĂM MƯƠI SÁU LÀ BAO NHIÊU
448,MAI KA LÀ AI
449,MAI KA LÀ AI
450,QUẬN BA HÔM NAY THỜI TIẾT THẾ NÀO
451,HÔM NAY Ở QUẬN BA CÓ MƯA KHÔNG
452,NHẮC TÔI UỐNG NƯỚC SAU NĂM PHÚT NỮA
453,ĐẶT BÁO THỨC LÚC NĂM GIỜ BA MƯƠI CHIỀU
454,CÀI BÁO THỨC LÚC BẢY GIỜ BA MƯƠI
455,XOÁ NHẮC NHỞ TRƯỚC ĐÓ
456,NHẮC TÔI BỐN GIỜ BA MƯƠI ĐI ĐÓN CON GÁI
457,TÔI CÓ LỊCH HỌP LÚC MƯỜI GIỜ
458,NHẮC TÔI ĐI CHƠI LÚC MƯỜI GIỜ
459,MỞ KINH PHẬT TRONG NĂM PHÚT NỮA
460,MỞ BÓT CÁT
461,MỞ RA ĐI Ô ÉP EM CHÍN CHÍN CHẤM CHÍN
462,MỞ VÊ Ô VÊ GIAO THÔNG
463,MỞ KÊNH CHÍN CHÍN CHẤM CHÍN
464,MỞ RA ĐI Ô
465,TẾT ÂM LỊCH HAI KHÔNG HAI BA NHẰM NGÀY MẤY
466,NĂM HAI NGÀN LÀ NĂM CON GÌ
467,KỂ MƯỜI CHUYỆN NGỤ NGÔN
468,KỂ GIÙM TUI BA CHUYỆN CỔ TÍCH
469,KỂ CHUYỆN CỔ TÍCH ĐẾN MƯỜI GIỜ TỐI
470,GIẢM XUỐNG HAI ĐỘ GIÙM
471,BAI BAI
472,MỞ NHẠC TRỊNH ĐẾN NĂM GIỜ CHIỀU
473,MỞ BÀI CHIẾC LÁ THU PHAI MƯỜI LẦN CHO TUI
474,MỞ NHẠC TRONG MỘT TIẾNG
475,THỜI TIẾT HIỆN TẠI Ở ĐẮC LẮC
476,MƯỜI GIỜ SÁNG MAI NHẮC TÔI ĐI HỌP
477,NHẮC TÔI ĐI NGỦ LÚC MƯỜI MỘT GIỜ
478,CÀI BÁO THỨC LÚC MƯỜI GIỜ TỐI
479,ĐẶT BÁO THỨC LÚC BẢY GIỜ BA MƯƠI
480,NHẮC TÔI TẮT BẾP TRONG BA MƯƠI PHÚT NỮA
481,BỐN MƯƠI LĂM PHÚT NỮA NHẮC TÔI ĐI ĐÓN CON BẠN
482,NHẮC TÔI ĐI TẬP THỂ DỤC VÀO MỖI BUỔI SÁNG LÚC SÁU GIỜ
483,MỞ PHẬT PHÁP TRONG HAI TIẾNG
484,MỞ BÀI GIẢNG CỦA THẦY THÍCH NHÂN
485,MỞ PHÁT TÀI NHIỀU DẠNG SƯ
486,MỞ KÊNH ÉP EM CHÍN MƯƠI CHÍN CHẤM CHÍN
487,ĐỌC TIN TRONG MƯỜI LĂM PHÚT
488,MỞ RA ĐI Ô NGẪU NHIÊN
489,DANH SÁCH RA ĐI Ô ĐANG HỖ TRỢ
490,MỞ RA ĐI Ô HỒ CHÍ MINH
491,MỞ LẶP LẠI MƯỜI LẦN TIẾNG CHÓ SÓI
492,NGÀY TÁM THÁNG BA NÊN TẶNG GÌ CHO BẠN GÁI
493,NGÀY MÙNG MỘT THÁNG TƯ LÀ NGÀY GÌ
494,TÔI MUỐN KẾT NỐI VỚI TI VI
495,TÔI MUỐN KẾT NỐI BỜ LU TÚT
496,KỂ TRUYỆN TRONG VÒNG BỐN MƯƠI LĂM PHÚT
497,LÙI LẠI HAI BẢY
498,MỞ NHẠC CHÍN ÍCH
499,THÁNG TÁM CÓ BAO NHIÊU NGÀY
500,BÍT COI HÔM NAY GIẢM BAO NHIÊU
501,TỔNG THỐNG MỸ THỨ MƯỜI BA LÀ AI
502,HIỆN TẠI NGOÀI TRỜI TIA U VÊ LÀ BAO NHIÊU
503,NHẮC TUI ĐI NGỦ LÚC MƯỜI HAI GIỜ
504,NHẮC TÔI TƯỚI CÂY LÚC BẢY GIỜ NHA
505,CHÍN GIỜ SÁNG MAI TUI CÓ NHẮC NHỞ GÌ KHÔNG
506,NHẮC TÔI HỌP NHÓM TÁM GIỜ TỐI MỖI NGÀY
507,NHẮC TÔI UỐNG NƯỚC MỖI HAI TIẾNG
508,NHẮC TÔI TẬP THỂ DỤC LÚC BẢY GIỜ TỐI MỖI NGÀY
509,NHẮC TUI PHƠI ĐỒ TRONG VÒNG MỘT TIẾNG NỮA
510,ĐẶT BÁO THỨC LÚC BA GIỜ SÁNG
511,HỦY BÁO THỨC LÚC BA GIỜ SÁNG
512,ĐẶT BÁO THỨC BẢY GIỜ SÁNG MỖI NGÀY
513,ĐẶT BÁO THỨC BẢY GIỜ SÁNG
514,MỞ BÓT CÁT VẬT VỜ
515,MỞ RA ĐI Ô
516,TẮT RA ĐI Ô
517,MỞ RA ĐI Ô LÚC TÁM GIỜ
518,MỞ TIN TỨC CỦA VÊ Ô HẮT
519,MỞ RA ĐI Ô ÉP EM CHÍN MƯƠI CHÍN PHẨY CHÍN MÊ GA HẸT
520,MỞ RA ĐI Ô VÊ Ô VÊ GIAO THÔNG
521,NGÀY BA THÁNG BA ÂM LỊCH VÀO THỨ MẤY
522,TẮT LU TÚT
523,BẬT LU TÚT
524,KỂ TRUYỆN TIẾP THEO
525,KỂ TRUYỆN CỔ TÍCH HAI TIẾNG
526,KỂ HAI TRUYỆN CỔ TÍCH
527,KÉO RÈM PHÒNG KHÁCH DÙM TÔI
528,TĂNG MÁY LẠNH THÊM HAI ĐỘ
529,MỞ BÀI CHÂN TÌNH HAI LẦN
530,THỜI TIẾT BA NGÀY TIẾP THEO Ở ĐÀ NẴNG
531,THỜI TIẾT NGÀY BA MƯƠI THÁNG TƯ HAI KHÔNG HAI HAI Ở SA PA NHƯ THẾ NÀO
532,NHẮC TÔI ĐI TẬP THỂ DỤC MỖI MƯỜI TÁM GIỜ HẰNG NGÀY
533,NHẮC TÔI GỌI ĐIỆN CHO BÀ MỖI MƯỜI CHÍN GIỜ THỨ SÁU HÀNG TUẦN
534,NGÀY HAI MƯƠI LĂM THÁNG TƯ NHẮC TÔI THANH TOÁN TIỀN ĐIỆN
535,NHẮC TÔI UỐNG NƯỚC MỖI BẢY GIỜ SÁNG HẰNG NGÀY
536,XÓA NHẮC NHỞ ĐI NGỦ LÚC MƯỜI HAI GIỜ
537,NHẮC TÔI ĐI NGỦ LÚC MƯỜI HAI GIỜ
538,NHẮC TÔI ĂN CƠM LÚC MƯỜI GIỜ
539,GỌI TÔI DẬY LÚC MƯỜI LĂM GIỜ
540,BẬT BÁO THỨC LÚC TÁM GIỜ XÁNG
541,BÁO THỜI SỰ BÊ ÂU HẮC
542,MỞ TIN TỨC VỀ HÀ ANH TUẤN
543,MỞ TRƯƠNG TRÌNH RA ĐI Ô BÚC
544,MỞ KÊNH EM ÉT TÁM CHÍN
545,MỞ ĐÀI VI ÂU VI MỘT
546,BẬT RA ĐI Ô LÚC SÁU GIỜ SÁNG
547,TẮT RA ĐI Ô
548,MỞ KÊNH VIỆT NAM ỊT RÉT
549,TÌNH HÌNH DỊCH CO VÍT
550,BẬT RA ĐI Ô
551,TẾT ÂM LỊCH HAI NGÀN KHÔNG TRĂM HAI
552,HAI THÁNG CHÍN LÀ THỨ MẤY
553,BA MƯƠI THÁNG TƯ LÀ THỨ MẤY
554,BÂY GIỜ LÀ MẤY GIỜ
555,MỞ LU TÚT TRONG VÒNG BA MƯƠI PHÚC
556,TẮT LU TÚT
557,MỞ TI VI KÊNH TÁM
558,MỞ LU TÚT
559,NÓI TRUYỆN TRONG BA MƯƠI PHÚC
560,KỂ TRUYỆN CỔ KỂ TRUYỆN CỔ TÍCH ĐẾN MƯỜI GIỜ TỐI LÚC CHUYỆN LÚC TRUYỆN
561,CẢI MỜI CẢI MƯỜI TRUYỆN NGỤ NGÔN
562,KỂ CHUYỆN TRONG VÒNG BỐN MƯƠI LĂM PHÚC
563,TĂNG MÁY LẠNH THÊM HAI ĐỘ
564,MỞ MÁY LẠNH HAI BA ĐỘ
565,MỞ CHẾ ĐỘ QUẠT
566,MỞ MƯỜI LĂM BÀI HÁT TRONG DANH SÁCH NHẠC BUỒN
567,MỞ DANH SÁCH NHẠC XUÔNG TRONG MỘT TIẾNG
568,MỞ MƯỜI BÀI HÁT CỦA ĐEN VÂU
569,MỞ BÀI NÀY MƯỜI LẦN
570,MỞ BÀI VỪA MỚI VỪA PHÁT KHOẢNG MƯỜI LẦN Ạ
571,MỞ NHẠC CHÍN ÍT
572,LŨY THỪA CỦA HAI NĂM SÁU LÀ GÌ
573,TRƯA NAY TIA U VÊ LÀ BAO NHIÊU
574,NGÀY MAI Ở QUẬN BA CÓ MƯA KHÔNG
575,QUẬN BA HÔM NAY CÓ MƯA KHÔNG
576,CHÍN GIỜ RƯỠI SÁNG NGÀY MAI NHẮC TÔI HỌP
577,NHẮC NHỞ TÔI MƯỜI MỘT GIỜ TỐI ĐI NGỦ
578,NHẮC TÔI NĂM PHÚT NỮA TAN CA
579,ĐẶT BÁO THỨC NGỦ DẬY LÚC BẢY GIỜ
580,ĐẶT BÁO THỨC BẢY GIỜ RƯỠI SÁNG
581,CHUYỂN BÓT CÁT TIẾP THEO
582,TẮT BÓT CÁT
583,PHÁT KINH PHẬT ĐẾN MƯỜI MỘT GIỜ TỐI
584,MỞ BÀI KINH NÀY HAI LẦN
585,PHÁT BÓT CÁT
586,MỞ BÓT CÁT MỚI NHẤT
587,MỞ RA ĐI Ô ĐẾN TÁM GIỜ TỐI
588,MỞ KÊNH RA ĐI Ô
589,MỞ CHƯƠNG TRÌNH RA ĐI Ô
590,PHÁT ÂM THANH TRẮNG ĐẾN CHÍN GIỜ RƯỠI
591,MỞ ÂM THANH TRẮNG TRONG BA MƯƠI PHÚT
592,NGÀY HAI MƯƠI SÁU THÁNG BA LÀ NGÀY GÌ
593,KẾT NỐI BỜ LU TÚT
594,TẮT BỜ LU TÚT
595,BẬT CHẾ ĐỘ BỜ LU TÚT
596,KỂ CHUYỆN ĐẾN MƯỜI GIỜ RƯỠI TỐI
597,ĐỌC TRUYỆN NÀY BA LẦN
598,ĐỌC TRUYỆN CỔ TÍCH MƯỜI LẦN
599,ĐỌC MƯỜI TRUYỆN CỔ TÍCH
600,PHÁT LIÊN TỤC BÀI NÀY NĂM LẦN
601,MỞ MƯỜI LĂM BÀI HÁT TRONG DANH SÁCH NHẠC BUỒN
602,MỞ DANH SÁCH NHẠC THƯ GIÃN TRONG MỘT TIẾNG
603,PHÁT BÀI NÀY ĐẾN MƯỜI GIỜ TỐI
604,MỞ MƯỜI BÀI HÁT CỦA ĐEN VÂU
605,MỞ BÀI NÀY MƯỜI LẦN
606,MỞ BÀI VỪA MỚI PHÁT KHOẢNG MƯỜI LẦN
607,SỐ CA CÔ VÍT HÔM NAY
608,ÉP KHÔNG NÊN LÀM GÌ
609,ĐỔI MƯỜI ĐÔ SING SANG TIỀN VIỆT
610,GIÁ XĂNG CHÍN HAI HÔM NAY
611,MỘT VỚI MỘT LÀ MẤY
612,NA TÔ GỒM NHỮNG NƯỚC NÀO
613,BU TIN LÀM TỔNG THỐNG BAO NHIÊU NĂM RỒI
614,TỔNG THỐNG U RAI NA LÀ AI
615,CHỈ SỐ U VÊ Ở RẠCH GIÁ SÁNG NAY
616,THỜI TIẾT QUẬN MƯỜI HAI HÔM NAY
617,MƯỜI GIỜ SÁNG MAI TÔI CÓ CUỘC HỌP NHẮC TÔI TRƯỚC NỬA TIẾNG
618,BA MƯƠI GIÂY NỮA NHẮC TÔI GỠ HÌNH DÁN
619,NHẮC TÔI GỠ MẶT NẠ DƯỠNG ẨM SAU NĂM PHÚT
620,NHẮC TÔI TRẢ NỢ THẺ TÍN DỤNG VÀO NGÀY MƯỜI LĂM HÀNG THÁNG
621,NHẮC TÔI ĐI BƠI VÀO SÁU GIỜ SÁNG MỖI THỨ BẢY
622,NHẮC TÔI UỐNG THUỐC VÀO MƯỜI MỘT GIỜ
623,NHẮC TÔI SAU MỘT PHÚT NỮA
624,ĐẶT CHUÔNG BÁO LÚC TÁM GIỜ SÁNG MỖI NGÀY
625,BÁO THỨC LÚC BẢY GIỜ SÁNG
626,MỞ CHƯƠNG TRÌNH ÚP MỞ CỦA VÊ EN ÍT RÉT
627,MỞ LẠI BỐT CÁT
628,TẮT BỐT CÁT
629,BỎ QUA HAI TẬP BỐT CÁT
630,MỞ BỐT CÁT VỀ GIẢI TRÍ
631,MỞ TẬP BỐT CÁT TIẾP THEO
632,MỞ KÊNH BÓT CÁT KHÁC
633,MỞ BỐT CÁT CỦA NGUYỄN PHI VÂN
634,MỞ BỐT CÁT CỦA QUỐC KHÁNH SƠ
635,MỞ BỐT CÁT
636,TIN TỨC BÁO TUỔI TRẺ NGÀY MƯỜI TÁM THÁNG BA
637,TIN TỨC VỀ BU TIN
638,TIN TỨC BÁO VÊ ÍT RÉT
639,TẮT RA ĐI Ô
640,MỞ ĐÀI VÊ Ô VÊ
641,MỞ RA ĐI Ô CHƯƠNG TRÌNH BẠN HỮU ĐƯỜNG XA
642,MỞ RA ĐI Ô CHÍN CHÍN CHẤM CHÍN
643,MỞ RA ĐI Ô
644,MỞ ÂM THANH TRẮNG ĐẾN MƯỜI GIỜ TỐI
645,MỞ ÂM THANH TRẮNG TRONG HAI TIẾNG
646,RẰM THÁNG TÁM LÀ NGÀY MẤY DƯƠNG
647,CÒN MẤY NGÀY NỮA ĐẾN NGÀY MỘT THÁNG TƯ
648,NGÀY MỘT THÁNG TƯ DƯƠNG LÀ NGÀY MẤY ÂM
649,NGÀY MỘT THÁNG TƯ TRÚNG THỨ MẤY
650,TĂNG ÂM LƯỢNG LÊN HAI MỨC
651,ÂM LƯỢNG MỨC MỘT
652,MỞ LU TÚT
653,TẮT TRUYỆN VÀO MỘT GIỜ ĐÊM
654,TẮT TRUYỆN SAU MỘT TIẾNG NỮA
655,ĐỌC TRUYỆN TRONG VÒNG HAI GIỜ
656,ĐỌC TRUYỆN ĐẾN MƯỜI MỘT GIỜ ĐÊM
657,ĐỌC NĂM TRUYỆN CỔ TÍCH
658,ĐỌC TRUYỆN AN ĐÉT SEN
659,GIẢM NHIỆT ĐỘ MÁY LẠNH XUỐNG HAI ĐỘ
660,TĂNG MÁY LẠNH LÊN HAI ĐỘ
661,CHỈNH NHIỆT ĐỘ ĐIỀU HÒA THÀNH HAI LĂM ĐỘ
662,BẬT TI VI
663,THÊM BÀI NÀY VÀO DANH SÁCH YÊU THÍCH
664,MỞ BÀI NÀY ĐẾN MƯỜI RƯỠI SÁNG
665,MỞ BÀI NÀY TRONG MỘT GIỜ
666,LẶP LẠI BÀI NÀY MƯỜI LẦN
667,MỞ NHẠC RU NGỦ ĐẾN MƯỜI HAI GIỜ ĐÊM
668,MỞ NHẠC THƯ GIÃN TRONG HAI TIẾNG
669,THỜI TIẾT BA NGÀY TIẾP THEO Ở ĐÀ NẴNG
670,THỜI TIẾT NGÀY BA MƯƠI THÁNG TƯ NĂM HAI KHÔNG HAI MƯƠI HAI Ở SA PA NHƯ THẾ NÀO
671,NHẮC TÔI ĐI TẬP THỂ DỤC MỖI MƯỜI TÁM GIỜ HẰNG NGÀY
672,NHẮC TÔI GỌI ĐIỆN CHO BÀ MỖI MƯỜI CHÍN GIỜ TỐI THỨ SÁU HÀNG TUẦN
673,NGÀY HAI MƯƠI LĂM THÁNG TƯ NHẮC TÔI THANH TOÁN TIỀN ĐIỆN
674,NHẮC TÔI UỐNG NƯỚC MỖI BẢY GIỜ SÁNG HẰNG NGÀY
675,XÓA NHẮC NHỞ ĐI NGỦ LÚC MƯỜI HAI GIỜ
676,ĐỌC LẠI NHẮC NHỞ CHIỀU NAI
677,NHẮC TÔI ĐI NGỦ LÚC MƯỜI HAI GIỜ
678,NHẮC TÔI ĂN CƠM LÚC MƯỜI GIỜ
679,GỌI TÔI DẬY LÚC MƯỜI LĂM GIỜ
680,BẬT BÁO THỨC LÚC TÁM GIỜ SÁNG
681,TẮT BÓT CÁT
682,ĐỌC SÁCH HẠT DỐNG TÂM HỒN
683,MỞ BÓT CÁT
684,BẬT RA ĐI Ô LÚC SÁU GIỜ SÁNG
685,TẮT RA ĐI Ô
686,MỞ KÊNH VI EN ÍT RÉT
687,TÌNH HÌNH DỊCH CÔ VÍT
688,TÌNH HÌNH NGA U RAI NA
689,BẬT RA ĐI Ô
690,BA MƯƠI THÁNG TƯ LÀ THỨ MẤY
691,GIỖ TỔ HÙNG VƯƠNG RƠI VÀO THỨ MẤY
692,MẤY NGÀY NỮA TỚI MÙNG MƯỜI THÁNG BA ÂM LỊCH
693,MỞ TI VI
694,KỂ TRUYỆN TRONG MỘT GIỜ
695,CHỈNH ĐIỀU HÒA HAI MƯƠI SÁU ĐỘ
696,MỞ BÀI BÂY BI SẮT MƯỜI LẦN
697,MỞ BÀI BÂY BI SẮT
698,MỞ NHẠC BÔ LÊ RÔ TRONG NỬA TIẾNG
699,PHÁT NHẠC BÔ LÊ RÔ
700,MỞ BÀI ĐỪNG HỎI EM VÌ XAO CỦA MỸ TÂM
701,TÓM TẮT THẾ CHIẾN HAI
702,LƯỢNG MUỐI TỐI ĐA MỘT NGÀY ĐƯỢC DÙNG LÀ BAO NHIÊU
703,TRONG MỘT TRÁI TÁO CÓ BAO NHIÊU KÍ LÔ CA LO
704,BẮT MÁI
705,SÁU TỚI TÁM GIỜ TỐI NAY CÓ MƯA KHÔNG
706,NĂM NGÀY NỮA ĐÀ LẠT THỜI TIẾT SAO
707,BẢO CÓ ĐI QUA TỈNH LONG AN KHÔNG
708,CHÍN GIỜ SÁNG TÁM GIỜ TỐI NHẮC TAO UỐNG THUỐC
709,NHỚ BA MƯƠI PHÚT NỮA GỌI TAO DẬY NHA
710,BA MƯƠI THÁNG NÀY LỊCH TAO SAO
711,BA THÁNG TỚI NHẮC TAO THAY NHỚT XE
712,KEN XỒ LỊCH HÔM NAY
713,XÓA DÙM TAO LỊCH HÔM NAY
714,MÙNG NĂM THÁNG CHẠP ÂM LỊCH ĐÁM GIỖ ÔNG NỘI
715,CỨ MỖI BA NGÀY NHẮC TAO TƯỚI CÂY KIM NGÂN
716,SÁU GIỜ SÁNG HÀNG NGÀY GỌI TAO DẬY ĐI LÀM
717,DANH SÁCH BÓT CÁT ĐƯỢC NGHE NHIỀU NHẤT THÁNG NÀY
718,PHÁT TẬP MỚI NHẤT BÓT CÁT VẬT VỜ TU ĐI Ô
719,CÓ BÓT CÁT VIỆT SỬ KIÊU HÙNG KHÔNG
720,TIN HÓT TRONG NGÀY
721,BẬT RA ĐI Ô
722,DANH SÁCH CÁC ĐỘI VÒNG MỘT TÁM CÚP XÊ MỘT
723,TỈ SỐ TRẬN VIỆT NAM Ô MAN
724,CẬP NHẬT MỚI NHẤT NGA U RAI NA
725,TẮT RA ĐI Ô ĐI
726,TÌNH HÌNH CÔ VÍCH HÔM NAY
727,VÊ Ô VÊ DAO THÔNG
728,ÉP EM CHÍN MƯƠI CHÍN MÊ GA HẸC
729,HAI MƯƠI THÁNG MƯỜI LÀ NGÀY GÌ
730,MÙNG BỐN THÁNG BA ÂM LỊCH LÀ THỨ MẤY
731,MÙNG BỐN THÁNG BA ÂM LỊCH LÀ NGÀY MẤY DƯƠNG
732,MÚI GIỜ Ở BẸC LIN LÀ MÚI GIỜ NÀO
733,TÁM THÁNG MƯỜI HAI NĂM MỘT CHÍN CHÍN LĂM LÀ NGÀY MẤY ÂM LỊCH
734,LỚN HAI NẤC NỮA
735,BẬT LU TÚT
736,MỘT TRUYỆN NỮA NHA
737,CHỈNH MÁY LẠNH LÊN HAI MƯƠI SÁU ĐỘ
738,MỞ BÀI ĐẾ DƯƠNG ĐẾN BẢY GIỜ TỐI
739,BẬT BÀI TÓP MỘT TREN ĐINH
740,BẬT NHỎ LẠI HAI NẤC NỮA
741,QUẤT MỘT BÀI NHẠC XUÂN ĐI EM
742,LƯỢNG MƯA CỦA HUẾ NGÀY MƯỜI HAI THÁNG TƯ
743,NHIỆT ĐỘ CỦA HUẾ NGÀY MƯỜI HAI ĐẾN MƯỜI BỐN THÁNG TƯ
744,NHIỆT ĐỘ CỦA HUẾ NGÀY MƯỜI HAI ĐẾN MƯỜI BỐN THÁNG TƯ
745,THỜI TIẾT CỦA HUẾ NGÀY MƯỜI HAI ĐẾN MƯỜI BỐN THÁNG TƯ
746,THỜI TIẾT CỦA HUẾ THÁNG TƯ
747,HÔM NAY LÚC MƯỜI GIỜ CÓ MƯA KHÔNG
748,HÔM NAY LÚC MƯỜI GIỜ TẠI QUẬN BA THÀNH PHỐ HỒ CHÍ MINH CÓ MƯA KHÔNG
749,MỖI NGÀY NHẮC TÔI TẬP THỂ DỤC LÚC BẢY GIỜ TỐI
750,NHẮC TÔI ĐẶT CƠM LÚC MƯỜI MỘT GIỜ
751,TẮT BÁO THỨC LÚC SÁU GIỜ BỐN MƯƠI LĂM SÁNG
752,XÓA NHẮC NHỞ LÚC MƯỜI GIỜ XOÁ NHẮC NHỞ UỐNG NƯỚC
753,TÔI ĐANG CÓ NHỮNG NHẮC NHỞ NÀO
754,BA MƯƠI PHÚT MỘT LẦN NHẮC TÔI UỐNG NƯỚC
755,MƯỜI PHÚT NỮA NHẮC TÔI ĐẶT CƠM
756,ĐẶT BÁO THỨC LÚC SÁU GIỜ BỐN MƯƠI LĂM SÁNG
757,MỞ RA ĐI Ô CHỈ TÌNH THƯƠNG Ở LẠI SỐ THỨ HAI
758,MỞ RA ĐI Ô CHỈ TÌNH THƯƠNG Ở LẠI
759,AI ĐANG ĐỌC O ĐI Ô NÀY
760,MỞ BỐT CÁT
761,CHUYỂN KÊNH THỂ THAO
762,TẮT RA ĐI Ô
763,MỞ RA ĐI Ô LÚC BẢY GIỜ
764,MỞ TIN VỀ TỔNG THỐNG BAI ĐẦN
765,MỞ TIN VIỆT NAM ẸT RÉT
766,BẬT RA ĐI Ô Ở TẦN SỐ
767,MỞ RA ĐI Ô KÊNH
768,RẰM THÁNG TÁM LÀ NGÀY MẤY DƯƠNG LỊCH NĂM NAY
769,TẾT NGUYÊN ĐÁN NĂM HAI KHÔNG HAI MƯƠI BA LÀ NGÀY MẤY DƯƠNG LỊCH
770,NGÀY MƯỜI THÁNG BA NĂM HAI KHÔNG HAI MƯƠI HAI DƯƠNG LỊCH LÀ NGÀY MẤY
771,NGÀY MƯỜI HAI THÁNG HAI NĂM HAI KHÔNG HAI MƯƠI HAI LÀ NGÀY MẤY ÂM LỊCH
772,MƯỜI BỐN THÁNG HAI LÀ THỨ MẤY
773,MƯỜI BỐN THÁNG HAI LÀ NGÀY GÌ
774,MỞ LU TÚT TRONG VÒNG BA MƯƠI PHÚT
775,TẮT LU TÚT
776,MỞ TI VI KÊNH TÁM
777,MỞ LU TÚT
778,MỞ TRUYỆN KHÁC
779,KỂ CHUYỆN ĐẾN CHÍN GIỜ TỐI
780,MỞ TRUYỆN TRINH THÁM TRONG MƯỜI LĂM PHÚT
781,TẮT BÁO THỨC LOA HAI
782,LOA HAI MỞ BÁO THỨC LÚC NĂM GIỜ SÁNG
783,MỞ KỂ CHUYỆN LOA HAI
784,TẮT NHẠC LOA MỘT
785,MỞ NHẠC LOA MỘT
786,TĂNG ÂM LƯỢNG LOA MỘT
787,MỞ ĐÈN MỘT PHÒNG NGỦ
788,MỞ ĐÈN MỘT
789,MỞ BÀI HƯ TRONG MỘT TIẾNG
790,MỞ DANH SÁCH NHẠC PI A NÔ
791,MỞ BÀI GIẤC MƠ TÌNH YÊU LIÊN TỤC MƯỜI LĂM PHÚT
792,CHÍN NGÀN CHÍN TRĂM CHÍN MƯƠI CHÍN GIAI THỪA BẰNG BAO NHIÊU
793,NHIỆT ĐỘ TRƯA NAY Ở QUẬN BA LÀ BAO NHIÊU
794,Ở QUẬN BA CHIỀU CÓ MƯA KHÔNG
795,THỜI TIẾT Ở PHAN THIẾT VÀO BA MƯƠI THÁNG TƯ
796,BÁO THỨC BẢY GIỜ SÁNG
797,NHẮC TÔI NĂM GIỜ BA MƯƠI CHIỀU RA VỀ
798,NHẮC TÔI NĂM PHÚT NỮA UỐNG NƯỚC
799,HUỶ NHẮC NHỞ VỪA NÃY
800,ĐẶT BÁO THỨC LÚC NĂM GIỜ BA MƯƠI CHIỀU
801,NHẮC TÔI ĐI ĐÁNH NHAU LÚC SÁU GIỜ CHIỀU MAI
802,ĐẶT BÁO THỨC LÚC BẢY GIỜ SÁNG TỪ THỨ HAI ĐẾN THỨ SÁU
803,BÓT CÁT NÀY TÊN GÌ
804,ĐỌC TRUYỆN LỚP NĂM
805,ĐỌC SÁCH VĂN HỌC LỚP MƯỜI HAI
806,MỞ BÓT CÁT SỬ VIỆT
807,MỞ BỐT CÁT ĐỌC TRUYỆN ĐÊM KHUYA
808,MAI KA CÓ NHỮNG BỐT CÁT NÀO
809,MAI CA CÓ NHỮNG SÁCH NÀO
810,MỞ BỐT CÁT
811,MỞ RA ĐI Ô TỚI MƯỜI GIỜ ĐÊM
812,TẮT RA ĐI Ô
813,MỞ TIN TỨC CỦA LINH MƯỜI BỐN TỶ
814,MỞ TIN TỨC NGÀY MÙNG MỘT ÂM LỊCH
815,BẬT RA ĐI Ô TẦN SỐ CHÍN MƯƠI CHÍN CHẤM CHÍN MÊ GA HÉT
816,BẬT RA ĐI Ô KÊNH VÊ Ô VÊ GIAO THÔNG
817,TẾT HAI NGÀN KHÔNG TRĂM BỐN MƯƠI BA LÀ NGÀY NÀO
818,NGÀY MƯỜI MỘT THÁNG MƯỜI MỘT NĂM HAI KHÔNG MƯỜI MỘT LÀ NGÀY MẤY ÂM LỊCH
819,BAO GIỜ ĐẾN NÔ EN
820,KẾT NỐI LU TÚT
821,TẮT LU TÚT
822,TĂNG ÂM LƯỢNG MỘT MỨC
823,BẬT LU TÚT
824,KỂ CHÍN TRĂM CHÍN MƯƠI CHÍN TRUYỆN CỔ TÍCH
825,KỂ CHÍN TRĂM CHÍN MƯƠI CHÍN TRUYỆN MA
826,BẬT QUẠT MỨC HAI
827,MỞ MÁY LẠNH HAI MƯƠI SÁU ĐỘ
828,MỞ NHẠC NAM PHI TRONG HAI MƯƠI BỐN TIẾNG
829,MỞ NHẠC ĐÀI LOAN RÌ MÍT
830,MỞ NHẠC RÌ MÍT
831,MỞ NHẠC TÍT TÓC
832,QUÊ HƯƠNG CỦA NÔ BI TA Ở ĐÂU
833,TRIỆU CHỨNG HẬU CÔ VÍT
834,TÁM BÌNH CỘNG MƯỜI HAI BẰNG BAO NHIÊU
835,NHIỆT ĐỘ NGOÀI TRỜI QUẬN BA HIỆN TẠI LÀ BAO NHIÊU
836,THỜI TIẾT QUẬN BA BÂY GIỜ
837,NHẮC TÔI ĐEM ÁO MƯA VÀO TÁM GIỜ SÁNG MAI
838,NHẮC TÔI BỎ ĐỒ VÀO MÁY GIẶT LÚC MƯỜI GIỜ
839,NHẮC TÔI HỌC TIẾNG ANH VÀO LÚC TÁM GIỜ TỐI
840,NHẮC TÔI ĂN TRƯA SAU HAI MƯƠI PHÚT NỮA
841,NHẮC TÔI ĐI CHƠI VÀO LÚC CHÍN GIỜ
842,NHẮC TÔI NẤU CƠM VÀO LÚC MƯỜI MỘT GIỜ
843,NHẮC TÔI CÓ HẸN VÀO LÚC BẢY GIỜ TỐI NAY
844,BA MƯƠI PHÚT NỮA NHẮC TÔI PHƠI ĐỒ
845,NHẮC TÔI ĐI TẬP THỂ DỤC VÀO LÚC TÁM GIỜ TỐI NAY
846,NHẮC TÔI ĐI NGỦ VÀO LÚC MƯỜI MỘT GIỜ ĐÊM NAY
847,GỌI TÔI DẬY VÀO LÚC BẢY GIỜ NGÀY MAI
848,MỞ BÓT CÁT GIẢI TRÍ
849,MỞ BÓT CÁT THÌ THẦM
850,BẬT RÂY ĐI Ô TẦN SỐ ÉP EM CHÍN BẢY MÊ GA HÉC
851,MỞ RA ĐI Ô
852,THÁNG NÀY CÓ BA MỐT NGÀY KHÔNG
853,HAI NGÀY TRƯỚC LÀ NGÀY BAO NHIÊU
854,TẾT NGUYÊN ĐÁN HAI KHÔNG HAI BA NGÀY DƯƠNG BAO NHIÊU
855,BA MƯƠI THÁNG TƯ HAI KHÔNG HAI HAI LÀ THỨ MẤY
856,TẮT BỜ LU TÚT
857,GIẢM ÂM LƯỢNG VỀ MỨC BỐN
858,TĂNG ÂM LƯỢNG LÊN MỨC MƯỜI
859,BẬT BỜ LU TÚT
860,TẮT KỂ TRUYỆN SAU BA MƯƠI PHÚT
861,KỂ TRUYỆN CỔ TÍCH TRONG MỘT GIỜ
862,TẮT TIẾNG TI VI PHÒNG KHÁCH
863,GIẢM NHIỆT ĐỘ MÁY LẠNH HAI ĐỘ
864,CHỈNH NHIỆT ĐỘ MÁY LẠNH HAI BỐN ĐỘ
865,TẮT NHẠC SAU MỘT GIỜ
866,MỞ NHẠC KHÔNG LỜI TRONG HAI MƯƠI PHÚT
867,MỞ NHẠC RÌ MÍT
868,TÁC HẠI CỦA VIỆC XEM TI VI QUÁ NHIỀU
869,LỢI ÍCH CỦA SỮA MẸ
870,MƯỜI BẢY NHÂN TÁM LĂM BẰNG BAO NHIÊU
871,THỜI TIẾT QUẬN BA CHIỀU NAY
872,THỜI TIẾT QUẬN BA
873,ĐẶT BÁO THỨC CHÍN GIỜ TỐI
874,GỌI TÔI LÚC BẢY GIỜ TỐI
875,NHẮC TÔI NĂM PHÚT NỮA TẮT BẾP
876,NHẮC TÔI KHÓA CỬA LÚC CHÍN GIỜ TỐI
877,NHẮC TÔI LÚC BẢY GIỜ SÁNG HÀNG NGÀY
878,NHẮC TÔI NGÀY MƯỜI LĂM THÁNG HAI ĐẶT VÉ XE
879,NHẮC TÔI UỐNG NƯỚC SAU MỖI MỘT TIẾNG
880,BA MƯƠI PHÚT NỮA NHẮC TÔI GỌI ĐIỆN THOẠI
881,ĐẶT BÁO THỨC LÚC SÁU GIỜ SÁNG
882,MỞ BỐT CÁT VẬT VỜ
883,MỞ RA ĐI Ô
884,TẮT RA ĐI Ô
885,MỞ RA ĐI Ô LÚC TÁM GIỜ
886,MỞ TIN TỨC CỦA VÊ Ô HÉT
887,MỞ RA ĐI Ô ÉP EM CHÍN MƯƠI CHÍN CHẤM CHÍN MÊ GA ẸC
888,MỞ RA ĐI Ô VÊ Ô HẮT GIAO THÔNG
889,TẾT ÂM LỊCH HAI KHÔNG HAI BA LÀ NGÀY NÀO
890,HAI THÁNG CHÍN LÀ THỨ MẤY
891,BA MƯƠI THÁNG TƯ LÀ THỨ MẤY
892,MỞ BỜ LU TÚT
893,MỞ TRUYỆN CỔ TÍCH TRONG BA MƯƠI PHÚT
894,TĂNG NHIỆT ĐỘ MÁY LẠNH THÊM HAI ĐỘ
895,TẮT NHẠC SAU MỘT GIỜ
896,MỞ BÀI DẠ KHÚC TRONG MỘT TIẾNG
897,LÀM SAO TRỊ NỨT CỤC
898,ĐỊNH LUẬT NÊU TƠN LÀ DÌ
899,CĂN BẬC HAI CỦA MỘT TRĂM HAI MƯƠI HAI LÀ BAO NHIÊU
900,GIÁ VÀNG ÉT TRÂY SI HÔM NAY
901,LÁ CỜ CỦA BA LI MÀU GÌ
902,HIỆN TẠI NGOÀI TRỜI TIA U VIA LÀ BAO NHIÊU
903,NĂM PHÚT NỮA NHẮC TÔI TẮT BẾP
904,MỘT TIẾNG NỮA NHẮC TÔI CHO MÈO ĂN
905,ĐẶT BÁO THỨC LÚC BẢY GIỜ SÁNG
906,NHẮC TÔI MƯỜI LĂM PHÚT NỮA ĐI TẮM
907,BỎ TẤT CẢ CÁC NHẮC NHỞ
908,NHẮC BA TÔI MƯỜI PHÚT NỮA UỐNG THUỐC HUYẾT ÁP
909,NHẮC MÌNH BA MƯƠI PHÚT NỮA NẤU CƠM
910,NHẮC TÔI ĐI NGỦ LÚC MƯỜI MỘT GIỜ TỐI
911,NHẮC TÔI BẢY GIỜ BA MƯƠI DẬY
912,MỞ BÓT CÁT TIẾP THEO
913,TÔI MUỐN NGHE BÓT CÁT VỀ HÔN NHÂN
914,MỞ ĐÀI VÊ Ô HẮT
915,MỞ BÓT CÁT VỀ PHÁP LUẬT
916,MỞ BÓT CÁT CỦA TÂM SỰ
917,TÔI MUỐN NGHE BÓT CÁT CỦA QUỐC KHÁNH
918,MỞ BÓT CÁT
919,GIẢM ÂM LƯỢNG RAY ĐI Ô
920,MỞ TIN TỨC VỀ GEM SÔ THỬ THÁCH TRỐN THOÁT
921,ĐỌC TIN TỨC ĐẾN MƯỜI GIỜ
922,TÔI MUỐN NGHE RAY ĐI Ô
923,MỞ ĐÀI ÉP EM CHÍN CHÍN CHẤM CHÍN
924,MỞ ÂM THANH CỦA DÓ
925,NGÀY HAI MƯƠI THÁNG MƯỜI LÀ NGÀY GÌ
926,KẾT NỐI LU TÚT
927,TẮT LU TÚT
928,MỞ LU TÚT
929,BẬT LU TÚT
930,KỂ CHUYỆN ĐẾN MƯỜI MỘT GIỜ
931,KỂ MƯỜI CÂU TRUYỆN CỔ TÍCH
932,TĂNG ÂM LƯỢNG TI VI PHÒNG KHÁCH
933,GIẢM MÁY LẠNH XUỐNG HAI ĐỘ NỮA
934,CHỈNH MÁY LẠNH ĐẾN HAI MƯƠI SÁU ĐỘ
935,MỞ NHẠC TRONG MƯỜI LĂM PHÚT
936,LẶP LẠI BÀI NÀY MƯỜI LẦN
937,CHIẾN TRANH THẾ GIỚI THỨ HAI DIỄN RA KHI NÀO
938,ĐỔI MỘT Ê RÔ RA TIỀN VIỆT
939,MƯỜI PHẨY NĂM NHÂN SÁU BẰNG BAO NHIÊU
940,MỘT Ê RÔ BẰNG BAO NHIÊU TIỀN VIỆT
941,NHẮC TÔI NGÀY MAI TÉT CÔ VÍT
942,XÓA NHẮC NHỞ LÚC NĂM GIỜ CHIỀU
943,NHẮC TÔI TẮT ĐÈN SAU MƯỜI GIỜ TỐI
944,NHẮC TÔI UỐNG NƯỚC SAU BA MƯƠI PHÚT NỮA
945,NHẮC TÔI UỐNG THUỐC BẢY GIỜ TỐI MỖI NGÀY
946,NHẮC TÔI ĐI NGỦ SAU BA MƯƠI PHÚT NỮA
947,NHẮC TÔI DẬY VÀO BẢY GIỜ SÁNG MAI
948,MỞ BÓT CÁT VỀ SỨC KHỎE
949,MỞ BÓT CÁT
950,MỞ TIN TỨC VỀ CHIẾN TRANH U RAI NA
951,MỞ KÊNH RA ĐI Ô CA NHẠC
952,TẮT RA ĐI Ô SAU MƯỜI PHÚT
953,TẮT RA ĐI Ô SAU MƯỜI PHÚT
954,MỞ RA ĐI Ô TRONG HAI GIỜ
955,MỞ THỜI SỰ VÊ Ô HÁT
956,MỞ CHƯƠNG TRÌNH RA ĐI Ô BÚT
957,MỞ KÊNH ÉP EM TÁM MƯƠI CHÍN
958,MỞ VÊ Ô VÊ MỘT
959,NGÀY MƯỜI ÂM LỊCH LÀ THỨ MẤY
960,TĂNG ÂM LƯỢNG LÊN MỘT TRĂM PHẦN TRĂM
961,TẮT BỜ LU TÚT
962,BẬT BỜ LU TÚT
963,TẮT TRUYỆN SAU BA MƯƠI PHÚT NỮA
964,MỞ TRUYỆN CỔ TÍCH TRONG BA MƯƠI PHÚT
965,MỞ MƯỜI TRUYỆN CỔ TÍCH
966,TĂNG NĂM ĐỘ
967,GIẢM HAI ĐỘ
968,MỞ NHẠC PI A NÔ KHÔNG LỜI
969,MỞ BÀI GIẤC MƠ THẦN TIÊN ĐẾN MƯỜI GIỜ SÁNG
970,MỞ BÀI GIẤC MƠ THẦN TIÊN ĐẾN MƯỜI GIỜ SÁNG
971,MỞ NHẠC ĐẾN MƯỜI GIỜ TỐI
972,TẮT NHẠC TRONG MỘT GIỜ NỮA
973,MỞ NHẠC TRONG BA MƯƠI PHÚT
974,MỞ BÀI XE ĐẠP NĂM LẦN
975,MỞ BÀI XE ĐẠP NĂM LẦN
976,BĂNG Ở HAI CỰC KHI NÀO THÌ TAN HẾT
977,MỘT NGÀN CHÍN TRĂM NHÂN MỘT NGÀN HAI TRĂM BẰNG BAO NHIÊU
978,BU TIN LÀ AI
979,DỊCH CÂU CHÚC MỘT NGÀY TỐT LÀNH SANG TIẾNG ANH
980,SƠN TÙNG EM TI BI LÀ AI
981,MƯỜI HAI GIỜ HÔM NAY CÓ NẮNG KHÔNG
982,NHẮC TÔI ĐI NGỦ TRONG BA MƯƠI PHÚT NỮA
983,NHẮC TÔI ĂN TRƯA TRONG BA MƯƠI PHÚT NỮA
984,NHẮC TÔI MỜI TRÀ SỮA CHO TIM MA KÉT TINH
985,NHẮC TÔI ĐI NHẬU LÚC MƯỜI GIỜ
986,NHẮC TÔI ĐI ĂN TRONG BA MƯƠI PHÚT NỮA
987,NHẮC TÔI TẬP THỂ DỤC SÁU GIỜ HẰNG NGÀY
988,NHẮC TÔI ĐI SIÊU THỊ TRONG BA MƯƠI PHÚT NỮA
989,ĐẶT BÁO THỨC LÚC SÁU GIỜ SÁNG MAI
990,BÓT CÁT GIA ĐÌNH
991,BÓT CÁT HÔN NHÂN
992,MỞ ÂU ĐI Ô ĐỘNG VẬT
993,BÓT CÁT TUỔI TRẺ
994,BÓT CÁT KINH PHẬT
995,TẮT BÓT CÁT
996,MỞ BÓT CÁT QUỐC KHÁNH
997,MỞ RÂY ĐI Ô VỀ HÔN NHÂN GIA ĐÌNH
998,MỞ RA ĐI Ô TRONG MỘT GIỜ
999,TĂNG ÂM LƯỢNG RÂY ĐI Ô
1000,MỞ RÂY ĐI Ô TRONG MƯỜI PHÚT NỮA
1001,MỞ TIN TỨC KÊNH VÊ Ô VÊ MỘT
1002,MỞ RÂY ĐI Ô Ở TẦN SỐ SÁU CHÍN
1003,MỞ KÊNH VÊ Ô VÊ BA
1004,TIẾNG CHIM CÁNH CỤC
1005,BA THÁNG HAI LÀ NGÀY GÌ
1006,HAI MƯƠI THÁNG MƯỜI LÀ NGÀY GÌ
1007,BAO NHIÊU NGÀY NỮA ĐẾN NÔ EN
1008,BAO GIỜ ĐẾN NÔ EN
1009,TĂNG ÂM LƯỢNG LÊN BA MƯƠI PHẦN TRĂM
1010,MỞ LU TÚT
1011,KỂ ĐOẠN KẾT
1012,KỂ CHUYỆN CỔ TÍCH TRONG BỐN MƯƠI PHÚT
1013,TẮT TI VI
1014,TĂNG ÂM LƯỢNG TI VI
1015,BẬT TI VI PHÒNG KHÁCH
1016,TĂNG NHIỆT ĐỘ MÁY LẠNH LÊN HAI TÁM ĐỘ
1017,MỞ TI VI PHÒNG KHÁCH
1018,TUA NHANH MƯỜI GIÂY
1019,MỞ HAI MƯƠI BÀI HÁT VUI
1020,PHÁT NHẠC CHI BU MỘT GIỜ
1021,MỞ BÀI HÁT HIỆN TẠI MỘT GIỜ
1022,MỞ NHẠC THƯ DÃN
1023,MỞ BÀI ĐANG NGHE TRONG BA MƯƠI PHÚT
1024,MỞ NHẠC HÍP HÓP
1025,MỘT BỐN KHÔNG HAI CỘNG HAI KHÔNG HAI HAI BẰNG MẤY
1026,XU HƯỚNG TÍT TÓT HIỆN NAY LÀ GÌ
1027,EM SI CÂY LÀ AI
1028,LỊCH CHIẾU PHIM XÊ GỜ VÊ LÚC BẢY GIỜ
1029,THÔNG TIN VỀ LÁCH BINH
1030,THỜI TIẾT TẠI HÀ NỘI LÚC MƯỜI HAI GIỜ TRƯA HÔM NAY
1031,THỜI TIẾT LÚC MƯỜI BẢY GIỜ BA MƯƠI
1032,BÂY GIỜ THỜI TIẾT SÀI GÒN RA SAO
1033,XÓA LỊCH BÁO THỨC LÚC HAI GIỜ
1034,ĐẶT GIỜ BÁO THỨC TÁM GIỜ SÁNG CỦA MỖI CUỐI TUẦN
1035,XÓA BÁO THỨC LÚC TÁM GIỜ SÁNG
1036,NHẮC TÔI UỐNG THUỐC HAI MƯƠI GIỜ HÀNG NGÀY
1037,ĐẶT LỊCH HẸN LÚC SÁU GIỜ VỚI NGÂN
1038,ĐẶT BÁO THỨC BẢY GIỜ NGÀY MAI
1039,MỞ KINH PHẬT TRONG MỘT TIẾNG
1040,MỞ BÓT CÁT CHỦ ĐỀ HÔN NHÂN
1041,BÓT CÁT ĐANG PHÁT TÊN GÌ
1042,MỞ BỐT CÁT VIỆT XE TE RA
1043,MỞ BÓT CẠT
1044,MỞ RA ĐI Ô TRONG MỘT TIẾNG
1045,TẮT RA ĐI Ô LÚC HAI GIỜ
1046,MỞ RA ĐI Ô MỘT TIẾNG
1047,MỞ TIN TỨC VÀO LÚC BẢY GIỜ
1048,MỞ TIN TỨC NGÀY BA MỐT THÁNG BA
1049,KHI NÀO TỚI TẾT HAI KHÔNG HAI BA
1050,TẮT ÂM TRONG VÒNG NĂM PHÚT
1051,TẮT ÂM LƯỢNG TI VI
1052,BẬT LU TÚT
1053,TRUYỆN KẾ TIẾP
1054,KỂ CHUYỆN TRONG MỘT TIẾNG
1055,TĂNG NHIỆT ĐỘ PHÒNG LÊN HAI MƯƠI BẢY ĐỘ XÊ
1056,PHÁT BÀI NÀY NĂM LẦN
1057,BẬT NHẠC THƯ GIÃN TRONG BA MƯƠI PHÚT
1058,BẬT ĐẠI MỘT BÀI HÁT ĐI
1059,TẮT NHẠC SAU BA MƯƠI PHÚT NỮA
1060,DANH SÁCH NHỮNG AN NI ME HAY
1061,MƯỜI TÁM CỘNG MƯỜI MỘT NHÂN CHÍN CHÍN BẰNG BAO NHIÊU
1062,CHIẾN TRANH CỦA NGA VÀ U REN THẾ NÀO RỒI
1063,DỊCH CHÚC BẠN MỘT NGÀY TỐT LÀNH SANG TIẾNG PHÁP
1064,THỜI TIẾT TẠI ĐÀ NẴNG LÚC MƯỜI DỜ TRƯA
1065,Ở LON ĐON CÓ TUYẾT KHÔNG
1066,NEO BÌNH CÓ LẠNH KHÔNG
1067,THỜI TIẾT TẠI PHÚ QUỐC LÚC MƯỜI HAI DỜ TRƯA THẾ NÀO
1068,THỜI TIẾT LÚC MƯỜI BẢY GIỜ
1069,THỜI TIẾT TẠI NEO BÌNH THẾ NÀO
1070,XOÁ BÁO THỨC LÚC BẢY GIỜ
1071,NHẮC TÔI HỦY ĐĂNG KÝ BỐN GỜ
1072,NHẮC TÔI NỘP ĐÉT LAI LÚC MƯỜI MỘT DỜ NĂM CHÍN PHÚT
1073,NHẮC TÔI ĐĂNG BÀI LÊN TRANG Ô LI LÚC MƯỜI MỘT DỜ
1074,XÓA NHẮC NHỞ LÚC TÁM GIỜ SÁNG
1075,NHẮC TÔI UỐNG THUỐC LÚC MƯỜI BẢY GIỜ HẰNG NGÀY
1076,NHẮC TÔI GỌI ĐIỆN CHO MẸ SAU HAI MƯƠI PHÚT NỮA
1077,ĐẶT BÁO THỨC LÚC BẢY GIỜ SÁNG
1078,DANH SÁCH BÓT CÁT HAY
1079,TẮT BÓT CÁT ĐI
1080,GIẢM ÂM LƯỢNG BÓT CÁT
1081,MỞ BÓT CÁT MỞ BÓT CÁT CHO GIỚI TRẺ
1082,MỞ BÓT CÁT CHỦ ĐỀ GIA ĐÌNH
1083,BÓT CÁT NÀO HAY
1084,BÓT CÁT ĐANG PHÁT CỦA AI
1085,TĂNG ÂM LƯỢNG BÓT CÁT
1086,MỞ BÓT CÁT QUỐC KHÁNH
1087,MỞ RA ĐI Ô MỘT TIẾNG
1088,MỞ TIN TỨC SAU BA MƯƠI PHÚT NỮA
1089,MỞ TIN TỨC VỀ DỚI CHẺ
1090,MỞ TIN TỨC NGA VÀ U REN
1091,MỞ TIN TỨC NGÀY BA MỐT THÁNG BA
1092,MỞ RAY ĐI Ô TẦN SỐ CHÍN CHÍN
1093,MƯỜI BỐN THÁNG BA LÀ NGÀY GÌ
1094,MƯỜI TÁM THÁNG MƯỜI MỘT HAI KHÔNG HĂM HAI LÀ NGÀY MẤY ÂM LỊCH
1095,BA MƯƠI THÁNG TƯ LÀ NGÀY GÌ
1096,TĂNG ÂM LƯỢNG TI VI
1097,BẬT LU TÚT
1098,MỞ DANH SÁCH TRUYỆN MAN GA
1099,BẬT TRUYỆN ĐẾN CHÍN GIỜ TỐI
1100,TĂNG ÂM LƯỢNG TI VI LÊN BẢY MƯƠI
1101,MỞ TI VI
1102,ĐIỀU CHỈNH NHIỆT ĐỘ MÁY LẠNH THÀNH HAI MƯƠI SÁU ĐỘ XÊ
1103,LẶP LẠI BÀI HÁT TRONG MỘT TIẾNG
1104,MỞ DANH SÁCH NHẠC CỦA BIN GI
1105,MỞ NHẠC PHIM AN NI ME
1106,MỞ NHẠC ĐỂ CHIU
1107,MỞ DANH SÁCH NHẠC LÔ PHAI
1108,MỞ BÀI NÀY ĐẾN TÁM GIỜ TỐI
1109,MỞ DANH SÁCH NHẠC CỦA ĐA LÁP
1110,MỞ BÀI CỨ CHIU THÔI
1111,MÀU SẮC XU HƯỚNG HAI KHÔNG HAI HAI
1112,GIUNG CÚC BI TI ÉT LÀ AI
1113,DỊCH CHÚC BẠN MỘT NGÀY TỐT LÀNH SANG TIẾNG TRUNG
1114,BI TI ÉT LÀ AI
1115,MƯỜI HAI GIỜ HÔM NAY CÓ NẮNG KHÔNG
1116,THỜI TIẾT TẠI MỸ LÚC MƯỜI HAI GIỜ
1117,THỜI TIẾT LÚC HAI MỐT GIỜ
1118,NHẮC TÔI HỌC TIẾNG TRUNG TRONG BA MƯƠI PHÚT NỮA
1119,NHẮC TÔI ĂN TRƯA TRONG BA MƯƠI PHÚT NỮA
1120,NHẮC TÔI GỌI CHO MẸ LÚC MƯỜI GIỜ
1121,NHẮC TÔI TẬP THỂ DỤC TRONG BA MƯƠI PHÚT NỮA
1122,NHẮC TÔI ĐI NGỦ LÚC MƯỜI GIỜ TỐI NAY
1123,ĐẶT BÁO THỨC LÚC BẢY GIỜ SÁNG
1124,BÓT CÁT GIA ĐÌNH
1125,BÓT CÁT HÔN NHÂN
1126,BÓT CÁT TÌNH YÊU
1127,BÓT CÁT VỀ TRUYỆN
1128,BÓT CÁT KINH PHẬT
1129,BÓT CÁT NĂM KHÁC LÀ CỦA AI
1130,MỞ BÓT CÁT CỦA MINH HƯƠNG
1131,BẬT BÓT CÁT
1132,BẬT BÓT CÁT
1133,MỞ RÂY ĐI Ô
1134,MỞ TIN TỨC VÀO LÚC CHÍN GIỜ MỖI SÁNG
1135,MỞ RÂY ĐI Ô TẦN SỐ CHÍN CHÍN MÊ GA HÉC
1136,MỞ RÂY ĐI Ô NHẠC
1137,TIẾNG BI A NÔ
1138,TIẾNG VI Ô LÔNG
1139,NGÀY BA THÁNG HAI LÀ NGÀY GÌ
1140,BA MƯƠI THÁNG TƯ LÀ NGÀY GÌ
1141,BAO NHIÊU NGÀY NỮA ĐẾN BA MƯƠI THÁNG TƯ
1142,MỘT THÁNG TƯ LÀ NGÀY GÌ
1143,BẬT LU TÚT
1144,MỞ LU TÚT
1145,TẮT LU TÚT
1146,KỂ MƯỜI TRUYỆN CỔ TÍCH
1147,TẮT TI VI PHÒNG KHÁCH
1148,TĂNG ÂM LƯỢNG TI VI
1149,BẬT TI VI PHÒNG KHÁCH
1150,MỞ BÀI ĐÔI MẮT TRONG MỘT TIẾNG
1151,MỞ NHẠC LÔ PHAI
1152,TẠI SAO CON NGƯỜI CÓ HAI CHÂN
1153,MỘT CỘNG TÁM BẰNG MẤY
1154,BỐ MÌNH ĐÂU RỒI
1155,SINH NHẬT CỦA LI SA
1156,Ở TÔ KY Ô CÓ LẠNH KHÔNG
1157,THỜI TIẾT NĂM GIỜ CHIỀU HÔM NAY TẠI HIU TẦN
1158,THỜI TIẾT MƯỜI MỘT GIỜ ĐÊM NAY THẾ NÀO
1159,THỜI TIẾT Ở HIU TẦN THẾ NÀO
1160,NHẮC TÔI MANG ĐỒ ĐI GIẶT VÀO SÁU GIỜ CHIỀU NGÀY MAI
1161,NHẮC TÔI ĐÁNH RĂNG MƯỜI MỘT GIỜ MỖI TỐI
1162,NHẮC TÔI PHA CÀ PHÊ TRONG BỐN MƯƠI BẢY PHÚT NỮA
1163,NHẮC TÔI ĐÓN EM LÚC SÁU GIỜ
1164,NHẮC TÔI TẮT MÁY LẠNH LÚC MƯỜI GIỜ TỐI MỖI NGÀY
1165,MỘT TIẾNG NỮA NHẮC TÔI LAU NHÀ
1166,ĐẶT BÁO THỨC LÚC TÁM GIỜ
1167,MỞ BÓT KÉT BẤT KỲ
1168,TẮT BÓT KẾT
1169,BÓT CÁT SỨC KHỎE
1170,PHÁT VỚI TỐC ĐỘ TỐC ĐỘ MỘT CHẤM NĂM
1171,BÓT CÁT YÊU ĐƯƠNG
1172,MỞ BÓT CÁT CỦA VŨ HOÀNG
1173,MỞ BÓT CÁT
1174,MỞ TIN TỨC TRÊN VÊ TÊ VÊ BA
1175,MỞ BÀI BÁO MỚI NHẤT CỦA VI EN ẸT RÉT
1176,MỞ RÂY ĐI Ô SỐ SÁU
1177,MỞ KÊNH RA ĐI Ô CA NHẠC
1178,NGÀY MỘT THÁNG NĂM LÀ NGÀY GÌ
1179,MỞ LU TÚT
1180,TẮT LU TÚT
1181,KỂ CHUYỆN MỘT TIẾNG
1182,KỂ PHẦN HAI
1183,KỂ BA CÂU CHUYỆN CỔ TÍCH
1184,TẮT TI VI PHÒNG NGỦ
1185,TĂNG ÂM LƯỢNG LÊN NĂM MƯƠI
1186,MỞ AN BUM HOÀNG
1187,MỞ AN BUM HOÀNG
1188,TUA NHANH MƯỜI GIÂY
1189,TUA LẠI MƯỜI GIÂY
1190,MỞ NHẠC TRONG BA MƯƠI PHÚT
1191,MỞ AN BUM MỚI NHẤT CỦA HOÀNG THÙY LINH
1192,MỞ NĂM BÀI HÁT BẤT KỲ
1193,MỞ NHẠC CỦA BIN GÌ
1194,MỘT CÂY VÀNG BAO NHIÊU TIỀN
1195,VÀNG BAO NHIÊU MỘT CÂY
1196,MỘT CỘNG MỘT BẰNG MẤY
1197,CA NA ĐA THUỘC CHÂU LỤC NÀO
1198,CA NA ĐA Ở ĐÂU
1199,NHẮC TÔI ĐI ĐỔ RÁC SAU BA GIỜ NỮA
1200,HAI MƯƠI PHÚT SAU NHẮC TÔI ĐI HỌC BƠI
1201,MƯỜI PHÚT NỮA NHẮC TÔI TẮM CHO CHÓ
1202,NHẮC TÔI ĂN CƠM LÚC MƯỜI HAI GIỜ
1203,GỌI TÔI DẬY LÚC SÁU GIỜ
1204,MỞ BÓT CÁT GIẢI TRÍ
1205,MỞ BÓT CÁT CÙNG BẠN SỐNG KHỎE
1206,MỞ BÓT CÁT ĐÀI VÊ Ô HẮC
1207,ĐỌC BÓT CÁT
1208,MỞ BÓT CÁT
1209,MỞ TIN CÔ VÍT
1210,MỞ RA ĐI Ô
1211,MỞ ĐÀI RA ĐI Ô VÊ Ô VÊ
1212,MỞ RA ĐI Ô CHÍN CHÍN CHẤM CHÍN
1213,NGÀY MƯỜI TÁM THÁNG BA NĂM HAI KHÔNG HAI HAI LÀ NGÀY MẤY ÂM LỊCH
1214,CA NA ĐA BÂY GIỜ ĐANG LÀ MẤY GIỜ
1215,NGÀY BA MƯƠI THÁNG TƯ LÀ NGÀY GÌ
1216,NGÀY HAI SÁU THÁNG BA LÀ NGÀY GÌ
1217,BẬT LU TÚT
1218,ĐỌC TRUYỆN SAU NĂM GIỜ NỮA
1219,ĐỌC TRUYỆN TRONG HAI MƯƠI PHÚT
1220,KỂ CHUYỆN TỚI MƯỜI GIỜ TỐI
1221,ĐỌC MƯỜI TRUYỆN CỔ TÍCH NƯỚC NGOÀI
1222,BAI
1223,TĂNG ÂM LƯỢNG TI VI
1224,MỞ TI VI
1225,HÈ LÔ
1226,MỞ MƯỜI BÀI HÁT CỦA HỒ NGỌC HÀ
1227,MỞ NHẠC ĐẾN BA GIỜ CHIỀU
1228,MỞ BÀI NHẠC CỦA NU PHƯỚC THỊNH
1229,MỞ BÀI ĐẾN VỚI NHAU LÀ SAI CỦA NU PHƯỚC THỊNH
1230,MỞ BÀI Ô KÊ EM BUỒN
1231,HAI NGÀN CỘNG MỘT NGÀN BẰNG MẤY
1232,DỊCH DÙM TÔI CÂU CHO TÔI MƯỢN TIỀN SANG TIẾNG PHÁP
1233,XÓA BÁO THỨC LÚC SÁU GIỜ
1234,XÓA HẾT NHẮC NHỞ DÙM TÔI
1235,NHẮC TÔI UỐNG THUỐC LÚC TÁM GIỜ SÁNG MỖI NGÀY
1236,BỐN GIỜ CHIỀU NHẮC TÔI ĐI BƠI
1237,ĐẶT BÁO THỨC SÁU GIỜ MỖI NGÀY
1238,BÁO THỨC LÚC NĂM GIỜ RƯỠI SÁNG MAI
1239,MỞ CHƯƠNG TRÌNH TRÒ TRUYỆN ĐÊM KHUYA
1240,MỞ TẬP MỘT CỦA CHƯƠNG TRÌNH NGUY CƠ
1241,MỞ BÓT CÁT CỦA QUỐC KHÁNH
1242,MỞ BÓT CÁT
1243,MỞ TIN TỨC KÊNH ÉP EM TÁM CHÍN CỦA VÊ Ô VÊ
1244,TIN TỨC HÔM NAY
1245,MỞ CHƯƠNG TRÌNH TRÒ TRUYỆN ĐÊM KHUYA
1246,MỞ KÊNH GION ÉP EM
1247,MỞ ĐÀI VÊ Ô VÊ
1248,MỞ TIẾNG DÁ HAI LẦN
1249,CHO NGHE TIẾNG CON CANG GU RU
1250,THÁNG NÀY CÓ NGÀY BA MƯƠI MỐT KHÔNG
1251,NGÀY BA MƯƠI LÀ THỨ MẤY
1252,BÂY GIỜ Ở CA NA ĐA LÀ MẤY GIỜ
1253,MỞ ÂM LƯỢNG MỨC MƯỜI
1254,BẬT LU TÚT
1255,KỂ LẠI TRUYỆN NÀY MỘT LẦN NỮA
1256,MỞ TRUYỆN MA TRONG NĂM TIẾNG
1257,MỞ NĂM TRUYỆN CỔ TÍCH ĐI
1258,TĂNG NHIỆT ĐỘ MÁY LẠNH THÊM BA ĐỘ
1259,TẮT TI VI PHÒNG CỦA BIN
1260,GIẢM NHIỆT ĐỘ MÁY LẠNH XUỐNG HAI MƯƠI LĂM ĐỘ
1261,TẮT QUẠT SAU MỘT TIẾNG NỮA
1262,MỞ NHẠC ĐẾN BẢY GIỜ RƯỠI TỐI
1263,MỞ NHẠC DIU ÉT DIU KHÂY
1264,MỞ NHẠC THIỀN TRONG MƯỜI LĂM PHÚT
1265,MỞ BÀI ƯỚC MƠ CỦA MẸ NĂM LẦN
1266,MỞ NHẠC BI A NÔ
1267,QUẬN TÁM ĐANG CÓ MƯA KHÔNG
1268,QUẬN BA CHIỀU NAY CÓ MƯA KHÔNG
1269,QUẬN BA CHIỀU NAY CÓ MƯA
1270,NHIỆT ĐỘ BUỔI TRƯA TẠI QUẬN BA NHƯ THẾ NÀO
1271,THỜI TIẾT QUẬN BA TRƯA NAY
1272,CÁCH HAI MƯƠI PHÚC NHẮC TÔI UỐNG NƯỚC
1273,HỦY NHẮC NHỞ CHIỀU NAI
1274,ĐẶT BÁO THỨC NĂM GIỜ BA MƯƠI CHIỀU
1275,BẢY GIỜ SÁNG MỖI NGÀI NHẮC TÔI THỨC DẬY
1276,NĂM PHÚC NỮA NHẮC TÔI UỐNG NƯỚC
1277,NHẮC TÔI HAI TIẾNG NỮA TƯỚI CÂY
1278,XÓA BÁO THỨC ĐI LÀM VÀO LÚC BẢY GIỜ SÁNG
1279,NHẮC TÔI ĐI LÀM LÚC BẢY GIỜ SÁNG
1280,TÁC GIẢ CỦA BÓT CÁT NÀY LÀ AI
1281,MỞ BÓT CÁT TIẾP THEO
1282,MỞ KINH PHẬT NÀY TRONG BA TIẾNG
1283,MỞ BÓT CÁT PHÁP LUẬT
1284,MỞ BÓT CÁT THÌ THẦM
1285,MỞ CHƯƠNG TRÌNH RA ĐI Ô
1286,ĐỌC TIN NGẮN TRONG NGÀI
1287,MỞ TIN TỨC CỦA VIỆT NAM ỊT RÉC
1288,MỞ TIN TỨC CÔ VÍT
1289,MỞ CHƯƠNG CHÌNH THỜI SỰ TRÊN VÊ Ô VÊ
1290,MỞ RA ĐI Ô TẦN SỐ CHÍN MƯƠI CHÍN CHẤM CHÍN
1291,MỞ RA ĐI Ô KÊNH VÊ Ô VÊ MỘT
1292,CHO PHÁT TIẾNG GIÓ MƯỜI LẦN
1293,MỞ TIẾNG SÓNG BIỂN ĐẾN MƯỜI GIỜ TỐI
1294,PHÁT ÂM THANH TRẮNG TRONG MỘT TIẾNG
1295,NGÀY HAI MƯƠI THÁNG MƯỜI MỘT NHẰM NGÀY THỨ MẤY
1296,MÙNG MƯỜI THÁNG BA LÀ NGÀY GÌ
1297,HỦY KẾT NỐI LU TÚT
1298,BẬT LU TÚT
1299,KỂ CHUYỆN CƯỜI TRONG BA MƯƠI PHÚC
1300,KỂ CHUYỆN NGỤ NGÔN TRONG MỘT TIẾNG
1301,TẮT TI VI
1302,TĂNG NHIỆT ĐỘ MÁY LẠNH LÊN MƯỜI ĐỘ
1303,MỞ MÁY LẠNH MƯỜI TÁM ĐỘ
1304,LẶP LẠI BÀI NÀY MƯỜI LẦN
1305,PHÁT LẠI BÀI NÀY TRONG MƯỜI PHÚC
1306,MỞ NHẠC TRONG VÒNG BA MƯƠI GIÂY
1307,MỞ NHẠC GIÁNG SINH
1308,HAI NGÀN CỘNG MỘT BẰNG
1309,GỌI QUÁN PI GIA
1310,TÁM GIỜ NHẮC TÔI ĂN SÁNG
1311,GỌI TÔI DẬY LÚC BẢY GIỜ
1312,XÓA NHẮC NHỞ LÚC BA GIỜ CHIỀU
1313,NHẮC TÔI ĐI DẠO LÚC NĂM GIỜ MỖI NGÀY
1314,BA GIỜ CHIỀU NHẮC TÔI ĐI DẠO
1315,ĐỌC DANH SÁCH NHẮC NHỞ CỦA TÔI
1316,NĂM GIỜ CHIỀU NAY TAO CÓ NHẮC NHỞ GÌ KHÔNG
1317,MỖI NGÀY ĐÚNG SÁU GIỜ KÊU TAO DẬY
1318,ĐẶT BÁO THỨC LÚC SÁU GIỜ
1319,MỞ PÓT CÁT VẬT VỜ
1320,MỞ RA ĐI Ô ÉP EM CHÍN CHÍN CHẤM CHÍN
1321,MỞ TIN VẮN
1322,MỞ VÊ Ô VÊ GIAO THÔNG
1323,MỞ KÊNH CHÍN CHÍN CHẤM CHÍN
1324,MỞ RA ĐI Ô
1325,TĂNG ÂM LƯỢNG LÊN HAI MỨC
1326,ÂM LƯỢNG MỨC MỘT
1327,MỞ LU TÚT
1328,TẮT TRUYỆN VÀO MỘT GIỜ ĐÊM
1329,TẮT TRUYỆN SAU MỘT TIẾNG NỮA
1330,ĐỌC TRUYỆN TRONG VÒNG HAI GIỜ
1331,ĐỌC TRUYỆN ĐẾN MƯỜI MỘT GIỜ ĐÊM
1332,ĐỌC NĂM TRUYỆN CỔ TÍCH
1333,ĐỌC TRUYỆN AN ĐÉC XEN
1334,KỂ TRUYỆN SỰ TÍCH THẠCH SÙNG
1335,TẮT NHẠC SAU BA MƯƠI PHÚT NỮA
1336,PHÁT NHẠC ĐẾN MƯỜI GIỜ TỐI
1337,MỞ BÀI NGÀY ĐẦU TIÊN BA LẦN
1338,MỞ MƯỜI BÀI NHẠC THIẾU NHI
1339,PHÁT NHẠC HÒA TẤU TRONG HAI GIỜ
1340,ĐI MAI CA
1341,DỪNG PHÁT NGAY VÀ LUÔN ĐI MAI CA ƠI
1342,QUA BÀI KHÁC ĐI MAI CA ƠI
1343,QUA BÀI KHÁC ĐI MAI CA ƠI
1344,QUA BÀI HÁT ĐI MAI CA ƠI
1345,QUA BÀI KHÁC ĐI MAI CA ƠI
1346,MỞ BÀI KHÁC ĐI MAI CA ƠI
1347,MỞ MỘT BÀI CỦA CA SĨ MỸ TÂM
1348,MỞ MỘT BÀI CỦA NHẠC SĨ PHẠM DUY
1349,NHẮC TÔI MƯỜI LĂM PHÚT NỮA TẮT ĐÈN
1350,NHẮC TÔI ĐI CHƠI LÚC MƯỜI BẢY GIỜ
1351,NHẮC TÔI TƯỚI NƯỚC LÚC TÁM GIỜ
1352,NĂM PHÚT NỮA NHẮC TÔI TẮT BẾP
1353,NHẮC TÔI ĐI HỌC LÚC CHÍN GIỜ
1354,NHẮC TÔI MUA ĐỒ LÚC MƯỜI BẢY GIỜ
1355,ĐẶT BÁO THỨC LÚC BẢY GIỜ
1356,MỞ TIẾP BÓT CÁT
1357,MỞ BÓT CÁT VỀ CÔNG NGHỆ
1358,MỞ LẠI BÓT CÁT
1359,TẮT BÓT CÁT
1360,MỞ BÓT CÁT KHÁC
1361,BÓT CÁT ĐANG MỞ TÊN GÌ
1362,MỞ BÓT CÁT
1363,MỞ TIN HÓT
1364,TẮT RÂY ĐI Ô LÚC NĂM GIỜ
1365,MỞ RÂY ĐI Ô ĐẾN NĂM GIỜ
1366,MỞ RÂY ĐI Ô TRONG HAI TIẾNG
1367,MỞ CHƯƠNG TRÌNH RÂY ĐI Ô BẠN HỮU ĐƯỜNG XA
1368,MỞ ĐÀI VÊ Ô VÊ MỘT
1369,MỞ RÂY ĐI Ô
1370,MỞ TIẾNG ỒN TRẮNG TỚI CHÍN GIỜ
1371,MỞ ÂM THANH TRẮNG TRONG BA MƯƠI PHÚT
1372,MẤY NGÀY NỮA ĐẾN MỘT THÁNG TƯ
1373,TĂNG ÂM LƯỢNG LÊN MƯỜI PHẦN TRĂM
1374,BẬT LU TÚT
1375,KỂ BA TRUYỆN ĐI
1376,TẮT TRUYỆN LÚC CHÍN GIỜ
1377,MỞ TRUYỆN TRONG BA MƯƠI PHÚT
1378,MỞ TRUYỆN ĐẾN MƯỜI GIỜ
1379,MỞ TRUYỆN CỔ RIM
1380,TĂNG ÂM LƯỢNG TI VI
1381,TĂNG NHIỆT ĐỘ MÁY LẠNH LÊN HAI MƯƠI TÁM ĐỘ
1382,TẮT NHẠC LÚC CHÍN GIỜ
1383,MỞ NHẠC TRONG BA MƯƠI PHÚT
1384,MỞ NHẠC ĐẾN CHÍN GIỜ
1385,KỂ MỘT SỐ QUÁN ĂN NỔI TIẾNG Ở SÀI GÒN
1386,TÌNH HÌNH DỊCH CÔ VÍT Ở HÀ NỘI THẾ NÀO
1387,NHIỆT ĐỘ LÚC MƯỜI HAI GIỜ TRƯA NAY LÀ BAO NHIÊU
1388,CHIỀU NAY QUẬN BA CÓ MƯA KHÔNG
1389,NHẮC TÔI CÓ TIỆC SINH NHẬT VÀO BẢY GIỜ TỐI NAY
1390,NHẮC TÔI CÓ CUỘC HỌP TRONG VÒNG MỘT TIẾNG NỮA
1391,NHẮC TÔI NỘP BÀI TẬP LÚC MƯỜI MỘT GIỜ TỐI THỨ TƯ TUẦN SAU
1392,ĐẶT BÁO THỨC VÀO NĂM GIỜ SÁNG NGÀY MAI
1393,NHẮC TÔI ĐI BƠI BẢY GIỜ SÁNG THỨ BẢY HÀNG TUẦN
1394,ĐẶT LỊCH HẸN VỚI KHÁCH HÀNG MỘT GIỜ RƯỠI CHIỀU NAY
1395,NHẮC TÔI ĐI NGỦ LÚC MƯỜI MỘT GIỜ TỐI HẰNG NGÀY
1396,NHẮC TUI ĐI SIÊU THỊ VÀO SÁU GIỜ CHIỀU CHỦ NHẬT NÀY
1397,NHẮC TUI ĂN TRƯA VÀO MƯỜI HAI GIỜ MỖI NGÀY
1398,GỌI TÔI THỨC DẬY LÚC SÁU GIỜ SÁNG HẰNG NGÀY
1399,MỞ BÓT CÁT CHẬM CHẬM MÀ SỐNG
1400,MỞ BÓT CÁT BÍ ẨN SỰ VIỆC
1401,CHUYỂN KÊNH VÊ Ô VÊ GIAO THÔNG
1402,ĐỌC TRUYỆN TỚI MƯỜI GIỜ TỐI
1403,MỞ RA ĐI Ô ĐỌC TRUYỆN ĐÊM KHUYA
1404,TẮT RA ĐI Ô ĐI
1405,MỞ RA ĐI Ô VÀO LÚC MƯỜI GIỜ TỐI
1406,BẬT ĐÀI PHÁT THANH BÌNH DƯƠNG
1407,MỞ KÊNH VÊ Ô HÁT
1408,MÙNG MỘT TẾT SANG NĂM LÀ NGÀY NÀO
1409,TẠI SAO LẠI CÓ NGÀY TÁM THÁNG BA
1410,NGÀY MƯỜI THÁNG BA NĂM NAY LÀ THỨ MẤY
1411,TẮT LU TÚT ĐI
1412,PHÁT LU TÚT
1413,ĐỌC TRUYỆN ĐẾN MƯỜI MỘT GIỜ
1414,TĂNG ÂM LƯỢNG TI VI LÊN ĐI
1415,TĂNG NHIỆT ĐỘ LÊN BA ĐỘ
1416,GIẢM NHIỆT ĐỘ XUỐNG MỘT NỬA
1417,MỞ TI VI ĐI
1418,BẬT NHẠC SƠN TÙNG EM TI BI
1419,MỞ BÀI NÀY TRONG MỘT TIẾNG
1420,TIẾNG THÁI NÓI ANH THÍCH EM NHƯ NÀO VẬY MAI CA
1421,XE BẢY CHỖ GIÁ MỘT TỶ
1422,VIN RÚP THÀNH LẬP TỪ NĂM NÀO
1423,TẬP ĐOÀN VIN RÚP CÓ BAO NHIÊU CÔNG TY CON
1424,CHỦ TỊCH CÔNG TY VIN RÚP LÀ AI
1425,MAI CA BAO NHIÊU TUỔI
1426,THỜI TIẾT HÔM NAY NHƯ NÀO
1427,HÔM NAY Ở QUẬN MỘT CÓ MƯA KHÔNG
1428,BỎ CÀI BÁO THỨC LÚC BẢY GIỜ ĐI MAI CA
1429,CÓ MẤY CÁI BÁO THỨC TRƯỚC TÁM GIỜ
1430,NHẮC NHỞ GẦN NHẤT CỦA TÔI LÀ GÌ VẬY MAI CA
1431,LÚC TÁM GIỜ NHẮC TÔI HỌP LÚC TÁM GIỜ BA MƯƠI
1432,NHẮC TÔI GỬI BÁO CÁO CHO SẾP TRƯỚC CHÍN GIỜ
1433,CÀI BÁO THỨC LÚC NĂM GIỜ THÀNH NĂM GIỜ BA MƯƠI
1434,ĐỪNG BÁO THỨC LÚC NĂM GIỜ NỮA
1435,THAY BÁO THỨC LÚC NĂM GIỜ SÁNG NHA
1436,BÓT CÁT NÀY VỀ CHỦ ĐỀ GÌ
1437,BÓT CÁT NÀY CỦA AI THẾ
1438,BÓT CÁT NÀY ĐÃ PHÁT ĐƯỢC BAO NHIÊU PHÚT RỒI
1439,BÓT CÁT NÀY DÀI MẤY PHÚT VẬY
1440,MỞ BÓT CÁT NGHE GẦN NHẤT TỪ ĐOẠN BA MƯƠI PHÚT
1441,MỞ BÓT CÁT MỚI NHẤT CỦA NHẬT NAM
1442,MỞ BÓT CÁT VĂN HỌC
1443,MỞ BÓT CÁT VỀ PHONG CÁCH SỐNG
1444,MỞ BÓT CÁT MỚI NHẤT CỦA AI CŨNG ĐƯỢC
1445,BẬT BÓT CÁT CỦA HIẾU NGUYỄN
1446,TẮT NHẠC SAU MƯỜI PHÚT
1447,CHUYỂN SANG KÊNH VÊ Ô VÊ GIAO THÔNG
1448,TẮT RA ĐI Ô SAU NĂM PHÚT
1449,MỞ CHƯƠNG TRÌNH TIN TỨC CỦA VI EN RÉT
1450,MỞ VÊ Ô VÊ GIAO THÔNG LÚC NĂM GIỜ CHIỀU
1451,MỞ RÂY ĐI Ô KÊNH NÀO CŨNG ĐƯỢC
1452,LỊCH NĂM NGÀY
1453,KẾT NỐI BỜ LU TÚT VỚI TI VI EO GI
1454,TẮT BỜ LU TÚT ĐI
1455,KỂ CHUYỆN KHÁC ĐI MAI CA
1456,KỂ LẠI BA MƯƠI GIÂY ĐƯỢC KHÔNG
1457,MAI CA KỂ CHUYỆN NỬA ĐÊM ĐI
1458,MAI CA KỂ CHUYỆN NHỎ TIẾNG THÔI
1459,MAI CA KỂ CHUYỆN TO LÊN ĐƯỢC KHÔNG
1460,MAI CA CÓ KỂ ĐƯỢC CHUYỆN SỌ DỪA KHÔNG
1461,KỂ CHUYỆN THẦY BÓI XEM VOI ĐI MAI CA
1462,SAU HAI MƯƠI PHÚT NỮA TẮT TI VI ĐI MAI CA
1463,CHIẾU TI VI KÊNH VÊ TÊ VÊ MỘT ĐI MAI CA
1464,MỞ ĐÀI VÊ Ô VÊ GIAO THÔNG VÀ TĂNG ÂM LƯỢNG LÊN NĂM MƯƠI
1465,GIẢM NHIỆT ĐỘ MÁY LẠNH HAI XUỐNG MƯỜI TÁM
1466,TĂNG NHIỆT ĐỘ MÁY LẠNH MỘT LÊN HAI MƯƠI LĂM
1467,TẮT ĐÈN PHÒNG NGỦ TRONG HAI MƯƠI PHÚT NỮA
1468,BẬT QUẠT SỐ HAI MỨC HAI
1469,CHUYỂN QUA BÀI KHÁC ĐI MAI CA
1470,MỞ MỘT DANH SÁCH NHẠC THIỀN
1471,PHÁT THÊM BA BÀI NỮA RỒI TẮT NHẠC
1472,TẮT NHẠC SAU MỘT TIẾNG NỮA
1473,MỞ NHẠC THÊM BA MƯƠI PHÚT NỮA RỒI TẮT
1474,PHÁT MỘT DANH SÁCH NHẠC BUỒN ĐI MAI CA
1475,BẬT MỘT BÀI NHẠC ĐI
1476,BẢY NHÂN TÁM CỘNG NĂM BẰNG BAO NHIÊU
1477,DỊCH TỪ CƯỜI TOE TOÉT SANG TIẾNG TRUNG QUỐC
1478,SINH NHẬT CHÓP LY BÚT
1479,DỊCH CÂU HÔM NAY TRỜI ĐẸP SANG TIẾNG SỜ BAN NỊT
1480,HÒA MIN DY MẤY TUỔI RỒI
1481,GỌI CHO MẸ MÌNH ĐI
1482,TIA U VÊ HIỆN TẠI NGOÀI TRỜI LÀ BAO NHIÊU
1483,HÔM NAY THỜI TIẾT QUẬN BA NHƯ THẾ NÀO
1484,QUẬN BA HÔM NAY TRỜI CÓ MƯA KHÔNG
1485,HÔM NAY SÀI GÒN CÓ MƯA LÚC MƯỜI TÁM GIỜ KHÔNG
1486,MƯỜI BẢY GIỜ HÔM NAY CÓ MƯA KHÔNG
1487,MỖI MƯỜI LĂM HÀNG THÁNG NHẮC TÔI THANH TOÁN TIỀN ĐIỆN
1488,HỦY NHẮC NHỞ CỦA CHIỀU NAY
1489,CỨ HAI MƯƠI PHÚT NHẮC TÔI UỐNG NƯỚC
1490,NHẮC TÔI NĂM PHÚT NỮA TƯỚI CÂY
1491,NHẮC TÔI ĐI NGỦ LÚC MƯỜI GIỜ BA MƯƠI MỖI NGÀY
1492,MỘT TIẾNG NỮA NHẮC TÔI ĐỌC SÁCH
1493,ĐẶT BÁO THỨC LÚC SÁU GIỜ BA MƯƠI
1494,MỞ BÓT CÁT KHÁC
1495,AI ĐANG PHÁT BÓT CÁT
1496,BÓT CÁT CỦA AI ĐÂY
1497,MỞ BÓT CÁT CỦA VẬT VỜ
1498,MỞ BÓT CÁT
1499,PHÁT TIN TỨC ĐẾN MƯỜI HAI GIỜ TRƯA
1500,MỞ RA ĐI Ô CA NHẠC LÚC HAI MƯƠI
1501,TẮT TIN
1502,MỞ RA ĐI Ô SỐ MƯỜI
1503,MỞ KÊNH RA ĐI Ô BÓNG ĐÁ
1504,TẾT NGUYÊN ĐÁN HAI KHÔNG HAI BA NGÀY BAO NHIÊU DƯƠNG LỊCH
1505,NÔ EN NGÀY MẤY ÂM LỊCH
1506,TẮT KẾT NỐI LU TÚT
1507,HỦY LIÊN KẾT LU TÚT
1508,KẾT NỐI LU TÚT
1509,BẬT LU TÚT
1510,KỂ CHUYỆN HAI TIẾNG
1511,GIẢM ÂM LƯỢNG TI VI
1512,TẮT ĐÈN DÙM ĐI
1513,MỞ NHẠC HAI TIẾNG
1514,MỞ BÀI Ô KÊ CỦA BIN DI
1515,BẬT NHẠC MỘT TIẾNG
1516,MỞ NHẠC CỦA NGỌT
1517,VÀNG BÁN RA BAO NHIÊU MỘT LƯỢNG
1518,BỐN TRĂM NĂM MƯƠI TƯ VẠN NHÂN NĂM CHIA SÁU CỘNG CHÍN BẰNG BAO NHIÊU
1519,GỌI CHO MAI NHÉ
1520,ĐẶT BÁO THỨC SAU CHÍN PHÚT NỮA
1521,BA MƯƠI PHÚT NỮA ANH NHẮC TÔI ĐI NGỦ
1522,NHẮC TÔI TƯỚI CÂY HÀNG NGÀY LÚC BẢY GIỜ
1523,NHẮC TÔI NĂM PHÚT NỮA UỐNG NƯỚC
1524,CHÍN GIỜ SÁNG MAI TÔI CÓ NHẮC NHỞ GÌ KHÔNG
1525,ĐẶT BÁO THỨC CHO TÔI LÚC HAI MỐT GIỜ
1526,NHẮC TÔI XEM TIN TỨC LÚC MỘT GIỜ MỖI NGÀY
1527,BỎ NHẮC NHỞ LÚC BỐN GIỜ
1528,HAI GIỜ CHIỀU NAY NHẮC TÔI ĐI CHƠI
1529,NHẮC TÔI UỐNG THUỐC NĂM LẦN MỖI NGÀY
1530,NHẮC TÔI ĐI CHỢ VÀO BA GIỜ CHIỀU NAY
1531,TÔI MUỐN ĐẶT BÁO THỨC LÚC NĂM GIỜ
1532,TẮT PHÁP THOẠI
1533,BẬT PHÁP THOẠI TRONG MỘT TIẾNG
1534,MỞ BÓT CÁT
1535,MỞ BÓT CÁT TRONG MỘT TIẾNG
1536,TẮT BÓT CÁT
1537,PHÁT BÓT CÁT VẬT VỜ
1538,NGHE BÓT CÁT VỀ SỨC KHỎE ĐI
1539,CHUYỂN BÓT CÁT
1540,MỞ BÓT CÁT VỀ TÀI CHÍNH
1541,BÓT CÁT ĐANG PHÁT TÊN GÌ
1542,BẬT BÓT CÁT ĐI
1543,TÔI MUỐN NGHE BÓT CÁT
1544,BẬT ĐÀI TRONG MỘT TIẾNG
1545,BẬT ĐÀI TỪ NĂM GIỜ
1546,MỞ ĐÀI VÊ Ô HÁT
1547,NGHE CHƯƠNG TRÌNH QUÍCH ÈN SỜ NÂU ĐI
1548,NGHE ĐÀI VÊ Ô VÊ ĐI
1549,MỞ TIẾNG CON MÈO KÊU CHÍN LẦN
1550,MỞ TIẾNG CON MÈO TRONG MỘT TIẾNG
1551,NGÀY MÙNG BA THÁNG BA ÂM LỊCH VÀO THỨ MẤY
1552,TĂNG BA MỨC ÂM LƯỢNG
1553,BẬT LU TÚT
1554,ĐỌC BA TRUYỆN THIẾU NHI
1555,ĐỌC TRUYỆN MA TRONG MƯỜI HAI GIỜ
1556,ĐỌC TRUYỆN MA TỚI MƯỜI HAI GIỜ
1557,ĐỌC TRUYỆN ĐÔ RÊ MON MỘT NGHÌN LẦN NHÁ
1558,ĐỌC TRUYỆN ĐÔ RÊ MON ĐI
1559,TĂNG ÂM LƯỢNG TI VI
1560,BẬT MÁY LẠNH HAI MƯƠI ĐỘ
1561,MỞ DU TÚP
1562,BẬT BÀI NÀY TRONG BỐN MƯƠI PHÚT
1563,CĂN BẬC HAI CỦA HAI LĂM
1564,ÔNG GIÀ NO EN CÓ THẬT KHÔNG
1565,GỌI MAI KA PHÒNG LÀM VIỆC
1566,LƯỢNG MƯA THÁNG TRƯỚC NHƯ THẾ NÀO
1567,ĐẶT BÁO THỨC SAU CHÍN PHÚT NỮA
1568,BA MƯƠI PHÚT NỮA NHẮC TÔI ĐI NGỦ
1569,NHẮC TÔI TƯỚI CÂY HÀNG NGÀY LÚC BẢY GIỜ
1570,NHẮC TÔI NĂM PHÚT NỮA UỐNG NƯỚC
1571,CHÍN GIỜ SÁNG MAI TÔI CÓ NHẮC NHỞ GÌ KHÔNG
1572,ĐẶT BÁO THỨC CHO TÔI LÚC HAI MỐT GIỜ
1573,NHẮC BA TÔI MƯỜI PHÚT NỮA UỐNG THUỐC HUYẾT ÁP
1574,NHẮC TÔI ĐI LÀM LÚC TÁM GIỜ SÁNG HÀNG NGÀY
1575,NHẮC TÔI SÁNG MAI DẬY ĐI TẬP THỂ DỤC LÚC SÁU GIỜ BA MƯƠI
1576,MỞ TIẾNG BỐT CÁT
1577,MỞ BỐT CÁT VỀ CÔNG NGHỆ
1578,MỞ LẠI BỐT CÁT
1579,TẮT BỐT CÁT
1580,MỞ BỐT CÁT CỦA TÂM SỰ
1581,MỞ BỐT CÁT CỦA VÕ THÀNH NINH
1582,MỞ BỐT CÁT
1583,TẮT RA ĐI Ô
1584,MỞ TIN TỨC VỀ GEM SÔ THỬ THÁCH TRỐN THOÁT
1585,MỞ BẢN TIN THỂ THAO HẮT TÊ VÊ BẢY
1586,MỞ BẢN TIN VÊ TÊ VÊ BA
1587,MỞ KÊNH VÊ Ô VÊ GIAO THÔNG
1588,MỞ RA ĐI Ô VÊ Ô VÊ GIAO THÔNG
1589,MỞ RA ĐI Ô ÉP EM CHÍN MƯƠI CHÍN MÊ GA HẠT
1590,MỞ RA ĐI Ô LÀN SÓNG XANH
1591,MỞ TIẾNG CON MÈO KÊU CHÍN LẦN
1592,MỞ TIẾNG CON MÈO TRONG MỘT TIẾNG
1593,MẤY NGÀY NỮA ĐẾN MỘT THÁNG TƯ
1594,NGÀY VA LEN THAI
1595,TĂNG ÂM LƯỢNG LÊN MƯỜI PHẦN TRĂM
1596,MỞ BỜ LU TÚT
1597,BẬT BỜ LU TÚT
1598,KỂ BA TRUYỆN ĐI
1599,TẮT TRUYỆN LÚC CHÍN GIỜ
1600,MỞ TRUYỆN TRONG BA MƯƠI PHÚT
1601,MỞ TRUYỆN ĐẾN MƯỜI GIỜ
1602,KỂ MƯỜI CHUYỆN CỔ TÍCH
1603,GIẢM NHIỆT ĐỘ MÁY LẠNH XUỐNG HAI ĐỘ
1604,TĂNG MÁY LẠNH LÊN HAI ĐỘ
1605,CHỈNH NHIỆT ĐỘ ĐIỀU HÒA THÀNH HAI LĂM ĐỘ
1606,BẬT TI VI
1607,GIẢM ÂM LƯỢNG TI VI PHÒNG KHÁCH
1608,MỞ TI VI PHÒNG KHÁCH
1609,MỞ BÀI NÀY ĐẾN MƯỜI RƯỠI SÁNG
1610,MỞ BÀI NÀY TRONG MỘT GIỜ
1611,ĐỌC LẠI BÀI NÀY MƯỜI LẦN
1612,MỞ NHẠC RU NGỦ ĐẾN MƯỜI HAI GIỜ ĐÊM
1613,MỞ NHẠC THƯ GIÃN TRONG HAI TIẾNG
1614,MỞ ÂM THANH TRẮNG TRONG HAI GIỜ
1615,BA NHÂN MƯỜI HAI BẰNG BAO NHIÊU
1616,TÔI CÓ LỊCH HẸN VÀO LÚC TÁM GIỜ TỐI NAY
1617,NHẮC TÔI BẢY GIỜ TỐI THỨ TƯ ĐI ĐÁ BÓNG
1618,NHẮC TÔI NĂM GIỜ CHIỀU GỌI CHO ÔNG BÀ
1619,NHẮC TÔI MƯỜI MỘT GIỜ NẤU CƠM
1620,NHẮC TÔI UỐNG NƯỚC SAU HAI GIỜ NỮA
1621,NHẮC TÔI SAU MƯỜI PHÚT NỮA
1622,CHÍN GIỜ SÁNG MAI NHẮC TÔI ĐI LÀM GIẤY TỜ
1623,NHẮC TÔI TẬP THỂ DỤC VÀO LÚC NĂM GIỜ SÁNG MỖI NGÀY
1624,NHẮC TÔI BA MƯƠI PHÚT NỮA UỐNG NƯỚC
1625,NHẮC TÔI NĂM GIỜ SÁNG MAI DẬY SỚM
1626,MỞ BÓT CÁT
1627,MỞ ĐÀI VÊ Ô HẮT
1628,MỞ ĐÀI VÊ Ô VÊ
1629,MỞ ĐÀI ÉP EM
1630,MỞ ÉP EM
1631,MỞ RÂY ĐI Ô
1632,ÂM LƯỢNG MỨC TÁM
1633,TẮT BỜ LU TÚT
1634,MỞ BỜ LU TÚT
1635,KỂ MƯỜI TRUYỆN CƯỜI
1636,KỂ MƯỜI TRUYỆN CỔ TÍCH
1637,MỞ DANH SÁCH NHẠC HÓT
1638,MỞ NHẠC BI A NÔ
1639,ĐỊNH LUẬT NIU TƠN LÀ GÌ
1640,KẾT QUẢ CỦA MƯỜI CHIA HAI
1641,ĐỔI HAI Ơ RÔ SANG TIỀN VIỆT NAM
1642,QUẬN BA ĐANG CÓ MƯA KHÔNG
1643,NHẮC TÔI MƯỜI BỐN GIỜ CHIỀU NAY CÓ CUỘC HỌP
1644,BÁO THỨC LÚC BẢY GIỜ SÁNG
1645,CỨ HAI TIẾNG NHẮC TÔI TƯỚI CÂY
1646,NĂM PHÚT NỮA NHẮC TUI UỐNG NƯỚC
1647,NHẮC TÔI UỐNG THUỐC VÀO LÚC HAI MƯƠI GIỜ MỖI NGÀY
1648,NHẮC TÔI MƯỜI PHÚT NỮA TẮT BẾP ĐIỆN
1649,NHẮC TÔI BỐN GIỜ SÁNG MAI DẬY VỀ NHÀ
1650,PHÁT LẠI PÓT CÁT TRƯỚC ĐÓ
1651,AI ĐANG ĐỌC PÓT CÁT
1652,MỞ PÓT CÁT CHỦ ĐỀ PHÁP LUẬT
1653,MỞ CHƯƠNG TRÌNH VÊ Ô VÊ
1654,MỞ PÓT CÁT NHỮNG LÁ THƯ XANH
1655,TẮT PÓT CÁT
1656,MỞ PÓT CÁT CỦA VÊ Ô VÊ
1657,TÔI MUỐN NGHE PÓT CÁT
1658,BẬT CHƯƠNG TRÌNH RA ĐI Ô
1659,TẮT RA ĐI Ô
1660,MỞ RA ĐI Ô TRONG BA MƯƠI PHÚT
1661,MỞ TIN TỨC THỂ THAO TRÊN KÊNH VÊ Ô VÊ
1662,MỞ ĐÀI VÊ Ô VÊ
1663,MỞ VÊ Ô VÊ MỘT
1664,MỞ ĐÀI ÉP EM CHÍN MƯƠI CHÍN CHẤM CHÍN MÊ GA HẸC
1665,MỞ TIẾNG MƯA ĐẾN MƯỜI GIỜ TỐI
1666,PHÁT ÂM THANH TRẮNG TRONG BA MƯƠI PHÚT
1667,NGÀY BA MƯƠI THÁNG TƯ LÀ THỨ MẤY
1668,KẾT NỐI LU TÚT
1669,TẮT LU TÚT
1670,BẬT LU TÚT
1671,PHÁT TRUYỆN KINH DỊ ĐẾN MƯỜI MỘT GIỜ TỐI
1672,KỂ TRUYỆN TRONG BA MƯƠI PHÚT
1673,KỂ HAI TRUYỆN CỔ TÍCH
1674,KỂ CHUYỆN CỔ TÍCH
1675,CHỈNH ĐỘ SÁNG CỦA ĐÈN NGỦ THÀNH NĂM MƯƠI PHẦN TRĂM
1676,CHỈNH NHIỆT ĐỘ MÁY LẠNH THÀNH HAI MƯƠI BỐN ĐỘ
1677,TẮT NHẠC SAU MƯỜI PHÚT NỮA
1678,MỞ NHẠC TRONG HAI MƯƠI PHÚT
1679,SÁU CHIA HAI NHÂN BA BẰNG MẤY
1680,MẬT ĐỘ DÂN SỐ CỦA NƯỚC ÚC NĂM HAI NGÀN KHÔNG TRĂM HAI MỐT LÀ BAO NHIÊU
1681,THE BÍT ĐỒ HOẠT ĐỘNG ĐẾN NĂM BAO NHIÊU
1682,TỶ LỆ TĂNG DÂN SỐ CỦA CHÂU ÂU NĂM HAI KHÔNG HAI KHÔNG
1683,XĂNG BAO NHIÊU MỘT LÍT
1684,LÔ RÍT TỰ NHIÊN CỦA E MŨ CĂN BẬC HAI CỦA HAI BẰNG MẤY
1685,THỜI TIẾT Ở VŨNG TÀU HAI NGÀY CUỐI TUẦN
1686,THỜI TIẾT Ở QUẬN BA TRONG BA NGÀY TIẾP THEO
1687,NHẮC TUI MUA SINH TỐ MỖI THỨ TƯ HÀNG TUẦN
1688,NGÀY BA MƯƠI THÁNG BA TÔI CÓ CÔNG VIỆC GÌ
1689,ĐẶT BÁO THỨC MỘT GIỜ RƯỠI CHIỀU TỪ THỨ HAI ĐẾN THỨ SÁU HÀNG TUẦN
1690,ĐẶT BÁO THỨC SÁU GIỜ SÁNG CHỦ NHẬT HÀNG TUẦN
1691,NHẮC TÔI ĐÓN CON LÚC MƯỜI SÁU GIỜ HÀNG NGÀY
1692,XÓA BÁO THỨC HAI GIỜ CHIỀU THỨ BẢY
1693,ĐẶT BÁO THỨC BẢY GIỜ SÁNG MỖI NGÀY
1694,NHẮC TÔI MUA DẦU ĂN BỐN GIỜ CHIỀU MAI
1695,ĐẶT BÁO THỨC LÚC BẢY GIỜ SÁNG
1696,TẮT PÓT CÁT
1697,LÙI LẠI NĂM GIÂY
1698,PÓT CÁT NÀY CỦA AI VẬY
1699,ĐÂY LÀ PÓT CÁT GÌ VẬY
1700,MỞ PÓT CÁT MỚI NHẤT CỦA GHI LÊ
1701,MỞ PÓT CÁT TRONG MỘT TIẾNG RƯỠI
1702,MỞ PÓT CÁT NỔI BẬT TRONG TUẦN
1703,TẮT RA ĐI Ô
1704,MỞ ĐÀI EM TI VI
1705,GIẢM XUỐNG KHÔNG PHẨY MỘT MÊ GA HÉC
1706,MỞ TIN TỨC VỀ TÌNH HÌNH CỦA NGA VÀ U RAI NA
1707,MỞ RA ĐI Ô CHO TỚI TÁM GIỜ RƯỠI SÁNG
1708,CHUYỂN SANG ĐÀI MỘT TRĂM LINH SÁU CHẤM NĂM MÊ GA HÉC
1709,MỞ ĐÀI VÊ Ô HẮT
1710,MÙNG MƯỜI THÁNG BA ÂM LỊCH VÀO NGÀY MẤY
1711,NGẮT LU TÚT
1712,GIẢM ÂM LƯỢNG ĐI NĂM PHẦN TRĂM
1713,MỞ LU TÚT
1714,DỪNG KỂ CHUYỆN LÚC MƯỜI MỘT GIỜ
1715,KỂ TRUYỆN MA NGUYỄN NGỌC NGẠN TRONG MỘT TIẾNG RƯỠI
1716,ĐỌC BA TRUYỆN TRONG THẦN THOẠI HI LẠP
1717,KỂ TRUYỆN NGỤ NGÔN TRONG BA MƯƠI PHÚT
1718,TĂNG ÂM LƯỢNG TI VI LÊN HAI NẤC
1719,GIẢM NHIỆT ĐỘ MÁY LẠNH XUỐNG HAI ĐỘ
1720,TĂNG MÁY LẠNH LÊN MỘT ĐỘ
1721,TẮT ĐÈN TO LÉT
1722,ĐỐ MỘT BÀI BẤT KỲ CỦA BÙI ANH TUẤN
1723,TẮT NHẠC TỚI MỘT GIỜ SÁNG
1724,PHÁT MƯỜI BÀI CỦA HOÀNG YẾN CHI BI
1725,PHÁT BÀI NÀY SÁU LẦN
1726,MỞ NHẠC TRONG MỘT GIỜ
1727,BÍT COI DẠO NÀY SAO RỒI
1728,NĂM NHÂN MƯỜI BẰNG MẤY
1729,MỘT CỘNG MƯỜI LÀ BAO NHIÊU
1730,CÔ VÍT LÀ BỆNH GÌ
1731,DỰ BÁO THỜI TIẾT KIÊN GIANG VÀO THỨ BẢY TUẦN NÀY
1732,ĐẶT CHUÔNG BÁO THỨC LÚC MỘT GIỜ RƯỠI CHIỀU
1733,NHẮC TÔI ĐẶT CƠM TRƯA LÚC MƯỜI MỘT GIỜ BA MƯƠI
1734,ĐẶT LỊCH HẸN KHÁM RĂNG CHO SÁNG THỨ BẢY
1735,NHẮC TÔI HỌC THÊM SÁNG MAI LÚC CHÍN GIỜ
1736,NHẮC TÔI HỌC THÊM VÀO HAI GIỜ CHIỀU THỨ HAI HÀNG TUẦN
1737,BÁO THỨC LÚC SÁU GIỜ SÁNG HÀNG NGÀY
1738,BÁO THỨC LÚC SÁU GIỜ SÁNG
1739,MỞ BỐT CÁT VỀ KINH DOANH
1740,MỞ BỐT CÁT CỦA PHI VÂN
1741,LÙI LẠI CHO TÔI BA PHÚT
1742,TUA NHANH MƯỜI PHÚT
1743,MỞ RA ĐI Ô TRÊN CHO TÔI
1744,TẮT RA ĐI Ô
1745,MỞ RA ĐI Ô CHO TỚI CHÍN GIỜ TỐI
1746,CHO NGHE TIN GIAO THÔNG TRÊN VÊ Ô HẮT
1747,CHO NGHE TIN VỀ ÔNG BU TIN
1748,MỞ ĐÀI BI BI CI HOA KỲ
1749,PHÁT RA ĐI Ô
1750,MỞ CHÍN CHÍN MÊ GA HÉT
1751,CHO NGHE KÊNH VÊ Ô VÊ GIAO THÔNG
1752,CÒN BAO NHIÊU NGÀY NỮA LÀ ĐẾN BA MƯƠI THÁNG TƯ
1753,ĐẶT ÂM LƯỢNG MỨC TỐI ĐA
1754,KẾT NỐI LU TÚT
1755,TẮT LU TÚT
1756,KỂ CHUYỆN CƯỜI
1757,KỂ CHUYỆN CỔ TÍCH CHO TỚI MƯỜI GIỜ TỐI
1758,KỂ CHUYỆN CÔ BÉ LỌ LEM
1759,KÉO RÈM PHÒNG KHÁCH DÙM TÔI
1760,TĂNG MÁY LẠNH THÊM HAI ĐỘ
1761,MỞ NHẠC HÒA TẤU TRONG VÒNG HAI TIẾNG ĐỒNG HỒ
1762,MỞ NHẠC HÒA TẤU GHI TA
1763,MỞ NHẠC DÙM TÔI
1764,BÍT COI HÔM NAY GIẢM BAO NHIÊU
1765,GIÁ VÀNG TÁM NĂM TRƯỚC LÀ BAO NHIÊU
1766,MAI CA BAO NHIÊU TUỔI
1767,MỘT NHÂN KHÔNG CỘNG BA MƯƠI BẢY CHIA NĂM TRỪ BỐN BẰNG BAO NHIÊU
1768,HAI CỘNG SÁU TRỪ TÁM NHÂN MƯỜI LĂM CHIA CHÍN MƯƠI BẰNG BAO NHIÊU
1769,TỔNG THỐNG MỸ THỨ MƯỜI BA LÀ AI
1770,BÃO SỐ HAI KHI NÀO GẶP BỜ
1771,TÁM GIỜ TỐI NAY SA PA BAO NHIÊU ĐỘ
1772,CHỈ SỐ TIA U VÊ CỦA THÀNH PHỐ HỒ CHÍ MINH HÔM NAY BAO NHIÊU
1773,NHẮC TUI ĐI NGỦ LÚC MƯỜI HAI GIỜ
1774,NHẮC TUI TƯỚI CÂY LÚC BẢY GIỜ NHA
1775,CHÍN GIỜ SÁNG MAI TUI CÓ NHẮC NHỞ GÌ KHÔNG
1776,NHẮC TÔI HỌC NHÓM TÁM GIỜ TỐI MỖI NGÀY
1777,NHẮC TÔI UỐNG NƯỚC MỖI HAI TIẾNG
1778,NHẮC TUI TẬP THỂ DỤC LÚC BẢY GIỜ TỐI MỖI NGÀY
1779,NHẮC TUI PHƠI ĐỒ TRONG VÒNG MỘT TIẾNG NỮA
1780,ĐẶT BÁO THỨC LÚC BA GIỜ SÁNG
1781,HỦY BÁO THỨC LÚC BA GIỜ SÁNG
1782,ĐẶT BÁO THỨC BẢY GIỜ SÁNG MỖI NGÀY
1783,ĐẶT BÁO THỨC BẢY GIỜ SÁNG
1784,NGHE PHÁP THOẠI CỦA THÍCH NỮ HƯƠNG NHỦ
1785,MỞ RÂY ĐI Ô TRONG BẢY TIẾNG
1786,MỞ RÂY ĐI Ô ĐÀI CA NHẠC
1787,MỞ TIN TỨC CỦA HẮT TÊ VÊ
1788,MỞ RÂY ĐI Ô TẦN SỐ CHÍN MƯƠI HAI PHẨY NĂM
1789,DỪNG PHÁT RÂY ĐI Ô
1790,CHUYỂN KÊNH SANG ĐÀI VÊ Ô VÊ
1791,MỞ RA ĐI Ô ĐÀI VÊ Ô HẮT
1792,MỞ RA ĐI Ô ĐÀI VÊ Ô VÊ
1793,VA LEN THAI NGÀY MẤY
1794,TĂNG ÂM LƯỢNG LÊN HAI MỨC
1795,KẾT NỐI LU TÚT
1796,KỂ CHUYỆN CHO ĐẾN MƯỜI MỘT GIỜ
1797,ĐỪNG KỂ CHUYỆN NỮA
1798,KỂ CHUYỆN NHANH LÊN
1799,KỂ CHO TUI TÁM CÂU CHUYỆN CƯỜI ĐI
1800,KỂ CHUYỆN MA ĐI
1801,GIẢM NHIỆT ĐỘ MÁY LẠNH PHÒNG NGỦ XUỐNG HAI MƯƠI ĐỘ
1802,MỞ NHẠC NÀO THƯ GIÃN ĐI
1803,TUA VỀ TRƯỚC BA MƯƠI GIÂY
1804,TUA NHANH MƯỜI GIÂY
1805,TẮT NHẠC VÀO LÚC HAI GIỜ BA MƯƠI
1806,MỞ NHẠC NƯỚC NGOÀI TỪ TÁM GIỜ BA MƯƠI ĐẾN MƯỜI HAI GIỜ
1807,MỞ NHẠC TRỊNH CÔNG SƠN TRONG VÒNG MỘT TIẾNG
1808,ĐỔI MỘT BÀI NGẪU NHIÊN