Sentences,Label
mở bài hát hà nội mười hai mùa hoa,unknown unknown unknown unknown unknown unknown unknown unknown unknown
mở bài hát năm anh em trên một chiếc xe tăng,unknown unknown unknown unknown unknown unknown unknown unknown unknown unknown unknown
mở bài gọi tên bốn mùa,unknown unknown unknown unknown unknown unknown
mở bài hát bảy sắc cầu vồng,unknown unknown unknown unknown unknown unknown unknown
mở bài hát đợi tháng tám,unknown unknown unknown unknown unknown unknown
mở bài chín bậc tình yêu,unknown unknown unknown unknown unknown unknown
mở bài hát tháng mười một,unknown unknown unknown unknown unknown unknown
mở bài hát tuổi mười ba,unknown unknown unknown unknown unknown unknown
mở bài ba chấm mười bốn,unknown unknown unknown unknown unknown unknown
mở bài hát tuổi nàng mười lăm,unknown unknown unknown unknown unknown unknown unknown
mở bài hát mai em mười bảy,unknown unknown unknown unknown unknown unknown unknown
mở bài mười chín rồi,unknown unknown unknown unknown unknown
mở bài hát hai ba năm,unknown unknown unknown unknown unknown unknown
mở bài hát ba mươi ngày yêu,unknown unknown unknown unknown unknown unknown unknown
mở bài hai mươi bốn mươi,unknown unknown unknown unknown unknown unknown
mở bài hát năm mươi năm quê hương tôi,unknown unknown unknown unknown unknown unknown unknown unknown unknown
mở bài hát một trăm phần trăm yêu em,unknown unknown unknown unknown unknown unknown unknown unknown unknown
mở bài chín chín chín đóa hoa hồng,unknown unknown unknown unknown unknown unknown unknown unknown
mở bài hát một ngàn hạc giấy cho một điều ước,unknown unknown unknown unknown unknown unknown unknown unknown unknown unknown unknown
mở bài hát yêu mãi ngàn năm,unknown unknown unknown unknown unknown unknown unknown
mở bài ngàn nỗi nhớ gửi đến em,unknown unknown unknown unknown unknown unknown unknown unknown
mở bài hát gửi ngàn lơi yêu,unknown unknown unknown unknown unknown unknown unknown
mở bài hát ngàn năm khó phai,unknown unknown unknown unknown unknown unknown unknown
mở bài tình xa vạn dặm,unknown unknown unknown unknown unknown unknown
mở bài hát tám vạn sáu ngàn lần nhớ em,unknown unknown unknown unknown unknown unknown unknown unknown unknown unknown
mở bài hát triệu đóa hoa hồng,unknown unknown unknown unknown unknown unknown unknown
mở bài triệu phú,unknown unknown unknown unknown
mở bài hát tỉ phú không tình,unknown unknown unknown unknown unknown unknown unknown
mở bài hát ba một không bảy,unknown unknown unknown unknown unknown unknown unknown
mở bài một hai ba bốn,unknown unknown unknown unknown unknown unknown
mở bài hát yêu năm,unknown unknown unknown unknown unknown
mở bài hát một lần,unknown unknown unknown unknown unknown
mở bài canh ba,unknown unknown unknown unknown
mở bài hát cao ốc hai mươi,unknown unknown unknown unknown unknown unknown unknown
mở bài hát mười điểm mười,unknown unknown unknown unknown unknown unknown
mở bài ba mươi ngày yêu,unknown unknown unknown unknown unknown unknown
mở bài hát bốn chữ lắm,unknown unknown unknown unknown unknown unknown
mở bài hát một,unknown unknown unknown unknown
mở bài con số ba,unknown unknown unknown unknown unknown
mở bài hát sáu năm,unknown unknown unknown unknown unknown
mở bài hát mười năm tình cũ,unknown unknown unknown unknown unknown unknown unknown
mở bài rồi hai mươi năm sau,unknown unknown unknown unknown unknown unknown unknown
mở bài hát hai mươi năm qua,unknown unknown unknown unknown unknown unknown unknown
mở bài hai mươi năm gặp lại,unknown unknown unknown unknown unknown unknown unknown
mở bài hát hai mùa mưa,unknown unknown unknown unknown unknown unknown
phát bài gọi tên bốn mùa,unknown unknown unknown unknown unknown unknown
phát bài hát bảy sắc cầu vồng,unknown unknown unknown unknown unknown unknown unknown
phát bài hát đợi tháng tám,unknown unknown unknown unknown unknown unknown
phát bài chín bậc tình yêu,unknown unknown unknown unknown unknown unknown
phát bài hát tháng mười một,unknown unknown unknown unknown unknown unknown
phát bài hát tuổi mười ba,unknown unknown unknown unknown unknown unknown
phát bài ba chấm mười bốn,unknown unknown unknown unknown unknown unknown
phát bài hát tuổi nàng mười lăm,unknown unknown unknown unknown unknown unknown unknown
phát bài hát mai em mười bảy,unknown unknown unknown unknown unknown unknown unknown
dừng bài hát một,unknown unknown unknown unknown
dừng bài con số ba,unknown unknown unknown unknown unknown
dừng bài hát sáu năm,unknown unknown unknown unknown unknown
dừng bài hát mười năm tình cũ,unknown unknown unknown unknown unknown unknown unknown
dừng bài rồi hai mươi năm sau,unknown unknown unknown unknown unknown unknown unknown
dừng bài hát hai mươi năm qua,unknown unknown unknown unknown unknown unknown unknown
dừng bài hai mươi năm gặp lại,unknown unknown unknown unknown unknown unknown unknown
lặp hai mùa mưa,unknown unknown unknown unknown
lặp một,unknown unknown
lặp con số ba,unknown unknown unknown unknown
lặp sáu năm,unknown unknown unknown
lặp mười năm tình cũ,unknown unknown unknown unknown unknown
lặp rồi hai mươi năm sau,unknown unknown unknown unknown unknown unknown
lặp hai mươi năm qua,unknown unknown unknown unknown unknown
lặp hai mươi năm gặp lại,unknown unknown unknown unknown unknown unknown
lặp hai mùa mưa,unknown unknown unknown unknown
dừng một,unknown unknown
dừng con số ba,unknown unknown unknown unknown
dừng sáu năm,unknown unknown unknown
dừng mười năm tình cũ,unknown unknown unknown unknown unknown
dừng rồi hai mươi năm sau,unknown unknown unknown unknown unknown unknown
dừng hai mươi năm qua,unknown unknown unknown unknown unknown
dừng hai mươi năm gặp lại,unknown unknown unknown unknown unknown unknown
dừng hai mùa mưa,unknown unknown unknown unknown
phát một,unknown unknown
phát con số ba,unknown unknown unknown unknown
phát sáu năm,unknown unknown unknown
phát mười năm tình cũ,unknown unknown unknown unknown unknown
phát rồi hai mươi năm sau,unknown unknown unknown unknown unknown unknown
phát hai mươi năm qua,unknown unknown unknown unknown unknown
phát hai mươi năm gặp lại,unknown unknown unknown unknown unknown unknown
phát hai mùa mưa,unknown unknown unknown unknown
năm hai ngàn không trăm hai ba,unknown num num num num num num
năm hai ngàn không trăm hai bốn,unknown num num num num num num
năm hai ngàn không trăm hai hai,unknown num num num num num num
tắt nhạc sau một giờ,unknown unknown unknown num unknown
chỉnh nhiệt độ máy lạnh hai bốn độ,unknown unknown unknown unknown unknown num num unknown
giảm nhiệt độ máy lạnh hai độ,unknown unknown unknown unknown unknown num unknown
bảy tháng năm hai không hai hai là thứ mấy,num unknown num num num num num unknown unknown unknown
bốn tháng một hai không hai mươi là thứ mấy,num unknown num num num num num unknown unknown unknown
ba tháng hai hai không hai chín là thứ mấy,num unknown num num num num num unknown unknown unknown
mười tháng tư hai không mười hai là thứ mấy,num unknown num num num num num unknown unknown unknown
hai mươi ba tháng bảy hai không hai mốt là thứ mấy,num num num unknown num num num num num unknown unknown unknown
năm hai ngàn không trăm hai mươi mốt,unknown num num num num num num num
năm hai ngàn không trăm hai mươi hai,unknown num num num num num num num
năm hai ngàn không trăm hai mươi ba,unknown num num num num num num num
tháng này có ba mốt ngày không,unknown unknown unknown num num unknown unknown
tháng này có ba mươi mốt ngày không,unknown unknown unknown num num num unknown unknown
tháng này có ba mươi hai ngày không,unknown unknown unknown num num num unknown unknown
năm lăm năm,num num unknown
mười chín tuổi,num num unknown
mười một,num num
mười lăm năm,num num unknown
thứ sáu ngày mười ba,unknown num unknown num num
gọi tôi dậy vào lúc bảy giờ ngày mai,unknown unknown unknown unknown unknown num unknown unknown unknown
nhắc tôi đi ngủ vào lúc mười một giờ đêm nay,unknown unknown unknown unknown unknown unknown num num unknown unknown unknown
nhắc tôi đi tập thể dục vào lúc tám giờ tối nay,unknown unknown unknown unknown unknown unknown unknown unknown num unknown unknown unknown
ba mươi phút nữa nhắc tôi phơi đồ,num num unknown unknown unknown unknown unknown unknown
nhắc tôi có hẹn vào lúc bảy giờ tối nay,unknown unknown unknown unknown unknown unknown num unknown unknown unknown
nhắc tôi nấu cơm vào lúc mười một giờ,unknown unknown unknown unknown unknown unknown num num unknown
tám bình cộng mười hai bằng bao nhiêu,num unknown unknown num num unknown unknown unknown
mười bình cộng sáu mươi hai bằng bao nhiêu,num unknown unknown num num num unknown unknown unknown
sáu bình cộng bảy mươi ba bằng bao nhiêu,num unknown unknown num num num unknown unknown unknown
tám mươi chín bình cộng bảy bằng bao nhiêu,num num num unknown unknown num unknown unknown unknown
hai triệu rưỡi,num num_mag num
ba triệu rưỡi,num num num
ba triệu rưỡi,num num num
bốn triệu rưỡi,num num num
hai triệu rưỡi,num num num
ba triệu năm trăm sáu mươi nghìn đồng,num num num num num num num unknown
hai triệu năm trăm bảy mươi nghìn đồng,num num num num num num num unknown
một cuốn vở,num unknown unknown
một cái cặp,num unknown unknown
một cái chén,num unknown unknown
một cái khăn,num unknown unknown
một cuốn sách,num unknown unknown
một cái ly,num unknown unknown
một con chuột,num unknown unknown
một con mèo,num unknown unknown
một con chó,num unknown unknown
hai cuốn vở,num unknown unknown
hai cái cặp,num unknown unknown
hai cái chén,num unknown unknown
hai cái khăn,num unknown unknown
hai cuốn sách,num unknown unknown
hai cái ly,num unknown unknown
hai con chuột,num unknown unknown
hai con mèo,num unknown unknown
hai con chó,num unknown unknown
ba cuốn vở,num unknown unknown
ba cái cặp,num unknown unknown
ba cái chén,num unknown unknown
ba cái khăn,num unknown unknown
ba cuốn sách,num unknown unknown
ba cái ly,num unknown unknown
ba con chuột,num unknown unknown
ba con mèo,num unknown unknown
bốn cuốn vở,num unknown unknown
bốn cái cặp,num unknown unknown
bốn cái chén,num unknown unknown
bốn cái khăn,num unknown unknown
bốn cuốn sách,num unknown unknown
bốn cái ly,num unknown unknown
bốn con chuột,num unknown unknown
bốn con mèo,num unknown unknown
bốn con chó,num unknown unknown
năm cuốn vở,num unknown unknown
năm cái cặp,num unknown unknown
năm cái chén,num unknown unknown
năm cái khăn,num unknown unknown
năm cuốn sách,num unknown unknown
năm cái ly,num unknown unknown
năm con chuột,num unknown unknown
năm con mèo,num unknown unknown
năm con chó,num unknown unknown
sáu cuốn vở,num unknown unknown
sáu cái cặp,num unknown unknown
sáu cái chén,num unknown unknown
sáu cái khăn,num unknown unknown
sáu cuốn sách,num unknown unknown
sáu cái ly,num unknown unknown
sáu con chuột,num unknown unknown
sáu con mèo,num unknown unknown
sáu con chó,num unknown unknown
bảy cuốn vở,num unknown unknown
bảy cái cặp,num unknown unknown
bảy cái chén,num unknown unknown
bảy cái khăn,num unknown unknown
bảy cuốn sách,num unknown unknown
bảy cái ly,num unknown unknown
bảy con chuột,num unknown unknown
bảy con mèo,num unknown unknown
bảy con chó,num unknown unknown
tám cuốn vở,num unknown unknown
tám cái cặp,num unknown unknown
tám cái chén,num unknown unknown
tám cái khăn,num unknown unknown
tám cuốn sách,num unknown unknown
tám cái ly,num unknown unknown
tám con chuột,num unknown unknown
tám con mèo,num unknown unknown
tám con chó,num unknown unknown
chín cuốn vở,num unknown unknown
chín cái cặp,num unknown unknown
chín cái chén,num unknown unknown
chín cái khăn,num unknown unknown
chín cuốn sách,num unknown unknown
chín cái ly,num unknown unknown
chín con chuột,num unknown unknown
chín con mèo,num unknown unknown
chín con chó,num unknown unknown
chín triệu bốn trăm bảy mươi nghìn đồng,num num num num num num num unknown
triệu chứng,unknown unknown
triệu chứng hậu cô vít,unknown unknown unknown unknown unknown
triệu chứng căn bệnh,unknown unknown unknown unknown
triệu chứng viêm xoang,unknown unknown unknown unknown
triệu chứng ho lao,unknown unknown unknown unknown
triệu chứng viêm phổi,unknown unknown unknown unknown
mở nhạc không lời trong hai mươi phút,unknown unknown unknown unknown unknown num num unknown
giảm âm lượng về mức bốn,unknown unknown unknown unknown unknown num
tăng âm lượng về mức hai,unknown unknown unknown unknown unknown num
tăng hai mức âm lượng,unknown num unknown unknown unknown
bật rây đi ô tần số ép em chín bảy mê ga héc,unknown unknown unknown unknown unknown unknown unknown unknown num num unknown unknown unknown
con ba ba,unknown unknown unknown
số ba ba,unknown num num
ba ba,num num
bốn bốn,num num
năm trăm năm sau,num num unknown unknown
năm trăm năm mươi năm sau,num num num num unknown unknown
mười năm sau,num unknown unknown
chín năm sau,num unknown unknown
sau mười năm,unknown num unknown
sau chín năm,unknown num unknown
sau hai mươi năm tuổi,unknown num num unknown unknown
hai triệu năm sau,num num unknown unknown
ba mươi bốn năm sau,num num num unknown unknown
sau vài năm,unknown unknown unknown
dì bảy đang nấu ăn,unknown unknown unknown unknown unknown
dì tám đang nấu bảy con cá,unknown unknown unknown unknown num unknown unknown
dì chín đang nấu bảy con cá,unknown unknown unknown unknown num unknown unknown
dì mười đang nấu bảy con cá,unknown unknown unknown unknown num unknown unknown
dì ba đang nấu bảy con cá,unknown unknown unknown unknown num unknown unknown
dì bốn đang nấu bảy con cá,unknown unknown unknown unknown num unknown unknown
dì năm đang nấu bảy con cá,unknown unknown unknown unknown num unknown unknown
dì hai đang nấu ăn,unknown unknown unknown unknown unknown
dì tư đang nấu ăn,unknown unknown unknown unknown unknown
dì bốn đang nấu ăn,unknown unknown unknown unknown unknown
hai em đang chơi cùng dì hai,num unknown unknown unknown unknown unknown unknown
ba em đang chơi cùng dì ba,num unknown unknown unknown unknown unknown unknown
bốn em đang chơi cùng dì bốn,num unknown unknown unknown unknown unknown unknown
năm em đang chơi cùng dì năm,num unknown unknown unknown unknown unknown unknown
sáu em đang chơi cùng dì sáu,num unknown unknown unknown unknown unknown unknown
bảy em đang chơi cùng dì bảy,num unknown unknown unknown unknown unknown unknown
tám em đang chơi cùng dì tám,num unknown unknown unknown unknown unknown unknown
chín em đang chơi cùng dì chín,num unknown unknown unknown unknown unknown unknown
cô bảy đang nấu ăn,unknown unknown unknown unknown unknown
cô tám đang nấu bảy con cá,unknown unknown unknown unknown num unknown unknown
cô chín đang nấu bảy con cá,unknown unknown unknown unknown num unknown unknown
cô mười đang nấu bảy con cá,unknown unknown unknown unknown num unknown unknown
cô ba đang nấu bảy con cá,unknown unknown unknown unknown num unknown unknown
cô bốn đang nấu bảy con cá,unknown unknown unknown unknown num unknown unknown
cô năm đang nấu bảy con cá,unknown unknown unknown unknown num unknown unknown
cô hai đang nấu ăn,unknown unknown unknown unknown unknown
cô tư đang nấu ăn,unknown unknown unknown unknown unknown
cô bốn đang nấu ăn,unknown unknown unknown unknown unknown
hai em đang chơi cùng cô hai,num unknown unknown unknown unknown unknown unknown
ba em đang chơi cùng cô ba,num unknown unknown unknown unknown unknown unknown
bốn em đang chơi cùng cô bốn,num unknown unknown unknown unknown unknown unknown
năm em đang chơi cùng cô năm,num unknown unknown unknown unknown unknown unknown
sáu em đang chơi cùng cô sáu,num unknown unknown unknown unknown unknown unknown
bảy em đang chơi cùng cô bảy,num unknown unknown unknown unknown unknown unknown
tám em đang chơi cùng cô tám,num unknown unknown unknown unknown unknown unknown
chín em đang chơi cùng cô chín,num unknown unknown unknown unknown unknown unknown
chín người ăn quả trứng chín,num unknown unknown unknown unknown unknown
ông chín ăn chin quả trứng chín,unknown unknown unknown num unknown unknown unknown
cô hai năm nay bốn mươi lăm tuổi,unknown unknown unknown unknown num num_mag post_num unknown
ông ba năm nay tám mươi sáu tuổi,unknown unknown unknown unknown num num_mag num unknown
dượng tư năm nay ba mươi chín tuổi,unknown unknown unknown unknown num num_mag num unknown
nhiệt độ ngoài trời quận ba hiện tại là bao nhiêu,unknown unknown unknown unknown unknown num unknown unknown unknown unknown unknown
ba con cá,num unknown unknown
bốn con cá,num unknown unknown
ba tôi ăn cơm lúc ba giờ chiều,unknown unknown unknown unknown unknown num unknown unknown
ba tôi ăn trưa lúc ba giờ chiều,unknown unknown unknown unknown unknown num unknown unknown
chín quả chuối chín,num unknown unknown unknown
chín quả cam chín ngay khi trên cây,num unknown unknown unknown unknown unknown unknown unknown
chín nồi thịt chín,num unknown unknown unknown
ăn chín uống sôi,unknown unknown unknown unknown
suy nghĩ cho chín chắn rồi hãy làm,unknown unknown unknown unknown unknown unknown unknown unknown
hai củ khoai chín,num unknown unknown unknown
ba củ khoai chín,num unknown unknown unknown
chín củ khoai chín,num unknown unknown unknown
ngượng chín cả mặt,unknown unknown unknown unknown
uống từng viên thuốc một,unknown unknown unknown unknown unknown
từng người một sẽ được phần thưởng,unknown unknown unknown unknown unknown unknown unknown
chồng năm cuốn sách một thành một bó,unknown unknown unknown unknown unknown unknown unknown unknown
chỉ có một trên đời,unknown unknown unknown unknown unknown
chân lý chỉ có một,unknown unknown unknown unknown unknown
nước việt nam là một dân tộc việt nam là một,unknown unknown unknown unknown unknown unknown unknown unknown unknown unknown unknown
ba cháu có nhà không,unknown unknown unknown unknown unknown
con trông nhà để ba đi làm,unknown unknown unknown unknown unknown unknown unknown
xin phép ba cho con đi đá bóng,unknown unknown unknown unknown unknown unknown unknown unknown
ba đi vắng rồi,unknown unknown unknown unknown
la cà ở quán ba,unknown unknown unknown unknown unknown
đi chơi uống rượu ở quan ba,unknown unknown unknown unknown unknown unknown unknown
đứa con thứ một,unknown unknown unknown unknown
cây viết thứ hai,unknown unknown unknown unknown
quyển sách thứ ba,unknown unknown unknown unknown
đi chơi lần thứ bốn,unknown unknown unknown unknown unknown
lần thí nghiệm thứ năm,unknown unknown unknown unknown unknown
cây số thứ sáu,unknown unknown unknown unknown
quyển truyện thứ bảy,unknown unknown unknown unknown
ngôi trường thứ tám của huyện,unknown unknown unknown unknown unknown unknown
cây bút bi thứ chín,unknown unknown unknown unknown unknown
một năm dương lịch,unknown unknown unknown unknown
Làn sóng nâng lãi suất mạnh nhất bốn mươi năm trên toàn cầu,unknown unknown unknown unknown unknown unknown unknown num num unknown unknown unknown unknown
năm học mới sắp đến,unknown unknown unknown unknown unknown
phần thưởng sẽ được phát vào cuối năm học,unknown unknown unknown unknown unknown unknown unknown unknown unknown
năm học đầy khó khăn,unknown unknown unknown unknown unknown
năm nhuận có ba trăm sáu mươi sáu ngày,unknown unknown unknown num num num num num unknown
năm nhuận thường dài hơn năm thường,unknown unknown unknown unknown unknown unknown unknown
năm thường có ít ngày hơn năm nhuận,unknown unknown unknown unknown unknown unknown unknown unknown
năm thường sẽ tổ chức lễ hội,unknown unknown unknown unknown unknown unknown unknown
năm nhuận luôn có những điều thú vị,unknown unknown unknown unknown unknown unknown unknown unknown
sau bao năm cuộc sống vẫn không thay đổi,unknown unknown unknown unknown unknown unknown unknown unknown unknown
qua bao năm sự phát triển ngày càng rõ ràng hơn,unknown unknown unknown unknown unknown unknown unknown unknown unknown unknown unknown
số bảy là số may mắn của người nhật bản,unknown num unknown unknown unknown unknown unknown unknown unknown unknown
thỏ bảy màu và hành trình đi học,unknown num unknown unknown unknown unknown unknown unknown
tháng tám là tháng nóng nhất năm,unknown num unknown unknown unknown unknown unknown
tháng hai đang được nghỉ tết,unknown num unknown unknown unknown unknown
tháng ba có tổ chức lễ hội,unknown num unknown unknown unknown unknown unknown
tháng tư phải đi làm,unknown num unknown unknown unknown
kì thi đại học được tổ chức vào tháng sáu,unknown unknown unknown unknown unknown unknown unknown unknown unknown num
chuyện bà tám được phổ biến rộng rãi,unknown unknown unknown unknown unknown unknown unknown unknown
tám tàu tham gia tìm kiếm mười lăm người mất tích trên biển,num unknown unknown unknown unknown unknown num num unknown unknown unknown unknown unknown
thím một,unknown unknown
thím hai,unknown unknown
thím ba,unknown unknown
thím bốn,unknown unknown
thím năm,unknown unknown
thím sáu,unknown unknown
thím bảy,unknown unknown
thím tám,unknown unknown
thím chín,unknown unknown
chú một,unknown unknown
chú hai,unknown unknown
chú ba,unknown unknown
chú bốn,unknown unknown
chú năm,unknown unknown
chú sáu,unknown unknown
chú bảy,unknown unknown
chú tám,unknown unknown
chú chín,unknown unknown
cô một,unknown unknown
cô hai,unknown unknown
cô ba,unknown unknown
cô bốn,unknown unknown
cô năm,unknown unknown
cô sáu,unknown unknown
cô bảy,unknown unknown
cô tám,unknown unknown
cô chín,unknown unknown
anh một,unknown unknown
anh hai,unknown unknown
anh ba,unknown unknown
anh bốn,unknown unknown
anh năm,unknown unknown
anh sáu,unknown unknown
anh bảy,unknown unknown
anh tám,unknown unknown
anh chín,unknown unknown
ông một,unknown unknown
ông hai,unknown unknown
ông ba,unknown unknown
ông bốn,unknown unknown
ông năm,unknown unknown
ông sáu,unknown unknown
ông bảy,unknown unknown
ông tám,unknown unknown
ông chín,unknown unknown
bà một,unknown unknown
bà hai,unknown unknown
bà ba,unknown unknown
bà bốn,unknown unknown
bà năm,unknown unknown
bà sáu,unknown unknown
bà bảy,unknown unknown
bà tám,unknown unknown
bà chín,unknown unknown
dì một,unknown unknown
dì hai,unknown unknown
dì ba,unknown unknown
dì bốn,unknown unknown
dì năm,unknown unknown
dì sáu,unknown unknown
dì bảy,unknown unknown
dì tám,unknown unknown
dì chín,unknown unknown
bác một,unknown unknown
bác hai,unknown unknown
bác ba,unknown unknown
bác bốn,unknown unknown
bác năm,unknown unknown
bác sáu,unknown unknown
bác bảy,unknown unknown
bác tám,unknown unknown
bác chín,unknown unknown
cậu một,unknown unknown
cậu hai,unknown unknown
cậu ba,unknown unknown
cậu bốn,unknown unknown
cậu năm,unknown unknown
cậu sáu,unknown unknown
cậu bảy,unknown unknown
cậu tám,unknown unknown
cậu chín,unknown unknown
mợ một,unknown unknown
mợ hai,unknown unknown
mợ ba,unknown unknown
mợ bốn,unknown unknown
mợ năm,unknown unknown
mợ sáu,unknown unknown
mợ bảy,unknown unknown
mợ tám,unknown unknown
mợ chín,unknown unknown
anh một,unknown unknown
anh hai,unknown unknown
anh ba,unknown unknown
anh bốn,unknown unknown
anh năm,unknown unknown
anh sáu,unknown unknown
anh bảy,unknown unknown
anh tám,unknown unknown
anh chín,unknown unknown
chị một,unknown unknown
chị hai,unknown unknown
chị ba,unknown unknown
chị bốn,unknown unknown
chị năm,unknown unknown
chị sáu,unknown unknown
chị bảy,unknown unknown
chị tám,unknown unknown
chị chín,unknown unknown
tháng một,unknown num
tháng hai,unknown num
tháng ba,unknown num
tháng bốn,unknown num
tháng năm,unknown num
tháng sáu,unknown num
tháng bảy,unknown num
tháng tám,unknown num
tháng chín,unknown num
tháng mười,unknown num
tháng mười một,unknown num num
tháng mười hai,unknown num num
một phút,num unknown
hai phút,num unknown
ba phút,num unknown
bốn phút,num unknown
năm phút,num unknown
sáu phút,num unknown
bảy phút,num unknown
tám phút,num unknown
chín phút,num unknown
mười phút,num unknown
hai mốt phút,num num unknown
hai mươi ba phút,num num num unknown
hai ba phút,num num unknown
ba ba phút,num num unknown
bốn bốn phút,num num unknown
bốn mươi hai phút,num num num unknown
năm mươi sáu phút,num num num unknown
năm mươi ba phút,num num num unknown
sáu mươi phút,num num unknown
bảy mươi lăm phút,num num num unknown
một giờ,num unknown
hai giờ,num unknown
ba giờ,num unknown
bốn mươi hai giờ,num num num unknown
bảy tám giờ,num num unknown
mười hai giờ,num num unknown
mười một giờ,num num unknown
mười ba giờ,num num unknown
hai mốt giờ,num num unknown
hai mươi mốt giờ,num num num unknown
hai mươi ba giờ,num num num unknown
hai mươi hai giờ,num num num unknown
mười năm,num unknown
năm năm,num unknown
sáu mươi lăm năm,num num num unknown
ba mươi bảy năm,num num num unknown
ba mươi sáu,num num num
ba nghìn bảy trăm,num num num num
ba cha con,unknown unknown unknown
ba sẽ,unknown unknown
ba là,unknown unknown
ba mẹ luôn yêu thương con cái,unknown unknown unknown unknown unknown unknown unknown
ba sẽ giúp con công việc nhà,unknown unknown unknown unknown unknown unknown unknown
phải luôn hiếu thảo với ba mẹ,unknown unknown unknown unknown unknown unknown unknown
ba mẹ là người sinh ra ta,unknown unknown unknown unknown unknown unknown unknown
ba đi làm tới ba giờ chiều,unknown unknown unknown unknown num unknown unknown
ba bận trăm công nghìn việc,unknown unknown unknown unknown unknown unknown
đợi cơ hội chín muồi thì mới hành động,unknown unknown unknown unknown unknown unknown unknown unknown unknown
chín chắn là chìa khóa dẫn đến thành công,unknown unknown unknown unknown unknown unknown unknown unknown unknown
chín chắn,unknown unknown
quả trứng chín,unknown unknown unknown
trái cây chín,unknown unknown unknown
quả hồng chín,unknown unknown unknown
quả mít chín,unknown unknown unknown
quả na chín,unknown unknown unknown
tằm đã chín,unknown unknown unknown
nấu thịt chín,unknown unknown unknown
thịt bò chín,unknown unknown unknown
thịt vịt chín,unknown unknown unknown
thịt heo chín,unknown unknown unknown
món ăn được nấu chín,unknown unknown unknown unknown unknown
nấu chín thức ăn trước khi sử dụng,unknown unknown unknown unknown unknown unknown unknown unknown
ăn chín uống sôi sẽ bảo đảm sức khỏe,unknown unknown unknown unknown unknown unknown unknown unknown unknown
luộc khoai chín trước khi ăn,unknown unknown unknown unknown unknown unknown
bắp chín,unknown unknown
ngô chín,unknown unknown
thức ăn chín,unknown unknown unknown
rau chín,unknown unknown
thực phẩm chín,unknown unknown unknown
suy nghĩ cho chín,unknown unknown unknown unknown
nghĩ chín,unknown unknown
ba nuôi con ăn học thành người,unknown unknown unknown unknown unknown unknown unknown
ba là cánh chim đưa con đi thật xa,unknown unknown unknown unknown unknown unknown unknown unknown unknown
ba vụ việc cần được theo dõi,num unknown unknown unknown unknown unknown unknown
ba theo dõi ba vụ việc,unknown unknown unknown num unknown unknown
một cái cây,unknown unknown unknown
một trăm hai mươi ba,num num num num num
ba ăn ba cái bánh,unknown unknown num unknown unknown
ba ăn con ba ba lúc ba giờ,unknown unknown unknown unknown unknown unknown num unknown
lúc bốn giờ,unknown num unknown
lúc năm giờ,unknown num unknown
lúc sáu giờ,unknown num unknown
lúc bảy giờ,unknown num unknown
lúc tám giờ,unknown num unknown
lúc chín giờ,unknown num unknown
lúc mười một giờ,unknown num num unknown
lúc mười hai giờ,unknown num num unknown
lúc mười ba giờ,unknown num num unknown
lúc mười bốn giờ,unknown num num unknown
lúc mười lăm giờ,unknown num num unknown
lúc mười sáu giờ,unknown num num unknown
lúc hai mươi giờ,unknown num num unknown
lúc hai mươi mốt giờ,unknown num num num unknown
lúc hai mươi hai giờ,unknown num num num unknown
lúc hai mươi ba giờ,unknown num num num unknown
lúc hai mươi bốn giờ,unknown num num num unknown
ba bài hát thiếu nhi,num unknown unknown unknown unknown
bốn bài hát thiếu nhi,num unknown unknown unknown unknown
năm bài hát thiếu nhi,num unknown unknown unknown unknown
sáu bài hát thiếu nhi,num unknown unknown unknown unknown
bảy bài hát thiếu nhi,num unknown unknown unknown unknown
tám bài hát thiếu nhi,num unknown unknown unknown unknown
chín bài hát thiếu nhi,num unknown unknown unknown unknown
mười một bài hát thiếu nhi,num num unknown unknown unknown unknown
mười hai bài hát thiếu nhi,num num unknown unknown unknown unknown
mười ba bài hát thiếu nhi,num num unknown unknown unknown unknown
hai mươi mốt bài hát thiếu nhi,num num num unknown unknown unknown unknown
hai mươi hai bài hát thiếu nhi,num num num unknown unknown unknown unknown
hai mươi sáu bài hát thiếu nhi,num num num unknown unknown unknown unknown
hai mươi câu chuyển cổ tích,num num unknown unknown unknown unknown
hai mươi mốt câu chuyển cổ tích,num num num unknown unknown unknown unknown
hai mươi hai câu chuyển cổ tích,num num num unknown unknown unknown unknown
hai mươi ba câu chuyển cổ tích,num num num unknown unknown unknown unknown
hai câu chuyển cổ tích,num unknown unknown unknown unknown
ba câu chuyển cổ tích,num unknown unknown unknown unknown
năm câu chuyển cổ tích,num unknown unknown unknown unknown
sáu câu chuyển cổ tích,num unknown unknown unknown unknown
mười một câu chuyển cổ tích,num num unknown unknown unknown unknown
mười hai câu chuyển cổ tích,num num unknown unknown unknown unknown
năm tháng trước,num unknown unknown
sáu tháng trước,num unknown unknown
bảy tháng trước,num unknown unknown
năm hai nghìn không trăm mười hai,unknown num num num num num num
năm hai nghìn không trăm mười ba,unknown num num num num num num
năm hai nghìn không trăm mười bốn,unknown num num num num num num
năm hai nghìn không trăm mười lăm,unknown num num num num num num
năm hai nghìn không trăm mười sáu,unknown num num num num num num
năm hai nghìn không trăm mười bảy,unknown num num num num num num
năm hai nghìn không trăm mười tám,unknown num num num num num num
năm hai nghìn không trăm mười chín,unknown num num num num num num
chín chắn sau chín tháng,unknown unknown unknown num unknown
chín chắn lúc chín tuổi,unknown unknown unknown num unknown
chín chắn lúc mười chín tuổi,unknown unknown unknown num num unknown
chín muồi lúc chín giờ,unknown unknown unknown num unknown
chín chắn ở tuổi mười chín,unknown unknown unknown unknown num_mag num
một nghề cho chín còn hơn chín nghề,num unknown unknown unknown unknown unknown num unknown
mua danh ba vạn bán danh ba đồng,unknown unknown unknown unknown unknown unknown unknown unknown
bốn bể mười nhà,unknown unknown unknown unknown
ba mặt một lời,unknown unknown unknown unknown
bắt cá hai tay,unknown unknown unknown unknown
ba chìm bảy nổi,unknown unknown unknown unknown
kẻ tám lạng người nửa cân,unknown unknown unknown unknown unknown unknown
năm lần bảy lượt,unknown unknown unknown unknown
ba đầu sáu tay,unknown unknown unknown unknown
Một nắng hai sương,unknown unknown unknown unknown
ngày ba tháng tám,unknown unknown unknown unknown
mười ngày,num unknown
hai ngày,num unknown
ba ngày,num unknown
bốn ngày,num unknown
năm ngày,num unknown
hạng ba,unknown num
hạng bốn,unknown num
hạng năm,unknown num
hạng sáu,unknown num
hạng bảy,unknown num
học một biết mười,unknown unknown unknown unknown
cười hở mười cái răng,unknown unknown num unknown unknown
Lùi một bước tiến ba bước,unknown unknown unknown unknown unknown unknown
tiếng cười bằng mười thang thuốc bổ,unknown unknown unknown unknown unknown unknown unknown
trăm công nghìn việc,unknown unknown unknown unknown
một người biết lo bằng kho người hay làm,unknown unknown unknown unknown unknown unknown unknown unknown unknown
Một nghề cho chín còn hơn chín nghề,unknown unknown unknown unknown unknown unknown unknown unknown
Một nghề thì sống đống nghề thì chết,unknown unknown unknown unknown unknown unknown unknown unknown
Yêu nhau cau sáu bổ ba Ghét nhau cau sáu bổ ra làm mười,unknown unknown unknown unknown unknown unknown unknown unknown unknown unknown unknown unknown unknown unknown
Một lòng một dạ,unknown unknown unknown unknown
Hai đánh một chẳng chột thì què,unknown unknown unknown unknown unknown unknown unknown
Đêm tháng năm chưa nằm đã sáng ngày tháng mười chưa cười đã tối,unknown unknown unknown unknown unknown unknown unknown unknown unknown unknown unknown unknown unknown unknown
Chín Tháng Mười Ngày,unknown unknown unknown unknown
năm thì mười họa,unknown unknown unknown unknown
Chớ đi ngày bảy chớ về ngày ba,unknown unknown unknown unknown unknown unknown unknown unknown
Một cây làm chẳng nên non ba cây chụm lại nên hòn núi cao,unknown unknown unknown unknown unknown unknown unknown unknown unknown unknown unknown unknown unknown unknown
Cáo chết ba năm quay đầu về núi,unknown unknown unknown unknown unknown unknown unknown unknown
Trâu bảy năm còn nhớ chuồng,unknown unknown unknown unknown unknown unknown
một miếng khi đói bằng một gói khi no,unknown unknown unknown unknown unknown unknown unknown unknown unknown
Miếng ăn là miếng tồi tàn mất ăn một miếng lộn gan lên đầu,unknown unknown unknown unknown unknown unknown unknown unknown unknown unknown unknown unknown unknown unknown
Một điều nhịn chín điều lành,unknown unknown unknown unknown unknown unknown
Chín bỏ làm mười,unknown unknown unknown unknown
chín nhớ mười thương,unknown unknown unknown unknown
Chín người mười ý,unknown unknown unknown unknown
Chín xu không thành một hào,unknown unknown unknown unknown unknown unknown
Một dạ hai vâng,unknown unknown unknown unknown
một duyên hai nợ,unknown unknown unknown unknown
một mất mười ngờ,unknown unknown unknown unknown
một sớm một chiều,unknown unknown unknown unknown
một miệng thì kín chín miệng thì hở,unknown unknown unknown unknown unknown unknown unknown unknown
một tiền gà ba tiền thóc,unknown unknown unknown unknown unknown unknown
Trăm đồng tiền công không bằng một đồng tiền thưởng,unknown unknown unknown unknown unknown unknown unknown unknown unknown unknown
một tấc đến trời,unknown unknown unknown unknown
uốn ba tấc lưỡi,unknown unknown unknown unknown
Một nhà hai chủ không hòa hai vua một nước ắt là không yên,unknown unknown unknown unknown unknown unknown unknown unknown unknown unknown unknown unknown unknown unknown
Một trời một vực,unknown unknown unknown unknown
Đi một ngày đàng học một sàng khôn,unknown unknown unknown unknown unknown unknown unknown unknown
Một lần bất tín vạn lần bất tin,unknown unknown unknown unknown unknown unknown unknown unknown
Quá tam ba bận,unknown unknown unknown unknown
Ba mặt một lời,unknown unknown unknown unknown
trăm voi không được bát nước xáo,unknown unknown unknown unknown unknown unknown unknown
Ba hồn bảy vía,unknown unknown unknown unknown
ba chân bốn cẳng,unknown unknown unknown unknown
Ba que xỏ lá,unknown unknown unknown unknown
Khôn ba năm dại một giờ,unknown unknown unknown unknown unknown unknown
Không ai giàu ba họ không ai khó ba đời,unknown unknown unknown unknown unknown unknown unknown unknown unknown unknown
Bốn phương tám hướng,unknown unknown unknown unknown
chín phương trời mười phương phật,unknown unknown unknown unknown unknown unknown
No ba ngày tết đói ba tháng hè,unknown unknown unknown unknown unknown unknown unknown unknown
chia năm xẻ bảy,unknown unknown unknown unknown
Mồm năm miệng mười,unknown unknown unknown unknown
Nói một đằng làm một nẻo,unknown unknown unknown unknown unknown unknown
Năm Nắng Mười Mưa,unknown unknown unknown unknown
bốn biển một nhà,unknown unknown unknown unknown
Bao giờ cho đến tháng ba Hoa gạo rụng xuống bà già cất chăn,unknown unknown unknown unknown unknown unknown unknown unknown unknown unknown unknown unknown unknown unknown
Một ngày vợ chồng nghìn năm ân nghĩa,unknown unknown unknown unknown unknown unknown unknown unknown
Một chữ cũng là thầy nửa chữ cũng là thầy,unknown unknown unknown unknown unknown unknown unknown unknown unknown unknown
Một công đôi việc,unknown unknown unknown unknown
Biết người biết ta trăm trận trăm thắng,unknown unknown unknown unknown unknown unknown unknown unknown
Mùng Năm Mười Bốn Hai Ba Đi chơi cũng lỗ nữa là đi buôn,unknown unknown unknown unknown unknown unknown unknown unknown unknown unknown unknown unknown unknown unknown
Nắng Tháng Tám Rám Trái Bưởi,unknown unknown unknown unknown unknown unknown
Tuổi mười bảy bẻ gãy sừng trâu,unknown unknown unknown unknown unknown unknown unknown
muôn người như một,unknown unknown unknown unknown
bắt cá hai tay,unknown unknown unknown unknown
một con ngựa đau cả tàu bỏ cỏ,unknown unknown unknown unknown unknown unknown unknown unknown
Một giọt máu đào hơn ao nước lã,unknown unknown unknown unknown unknown unknown unknown unknown
bốn chín chưa qua năm ba đã tới,unknown unknown unknown unknown unknown unknown unknown unknown
Nhanh một phút chậm cả đời,unknown unknown unknown unknown unknown unknown
Bầu ơi thương lấy bí cùng Tuy rằng khác giống nhưng chung một giàn,unknown unknown unknown unknown unknown unknown unknown unknown unknown unknown unknown unknown unknown unknown
Sai một li đi một dặm,unknown unknown unknown unknown unknown unknown
Tháng bảy kiến bò chỉ lo lại lụt,unknown unknown unknown unknown unknown unknown unknown unknown
Thua thầy một vạn không bằng kém bạn một li,unknown unknown unknown unknown unknown unknown unknown unknown unknown unknown
tháng hai trồng cà tháng ba trồng đỗ,unknown unknown unknown unknown unknown unknown unknown unknown
Cá không ăn muối cá ươn Con cãi cha mẹ trăm đường con hư,unknown unknown unknown unknown unknown unknown unknown unknown unknown unknown unknown unknown unknown unknown
Một mình một ngựa,unknown unknown unknown unknown
trước sau như một,unknown unknown unknown unknown
vạn sự khởi đầu nan,unknown unknown unknown unknown unknown
ngàn cân treo sợi tóc,unknown unknown unknown unknown unknown
một vừa hai phải,unknown unknown unknown unknown
Quân tử báo thù mười năm chưa muộn,unknown unknown unknown unknown unknown unknown unknown unknown
chó tháng ba gà tháng bảy,unknown unknown unknown unknown unknown unknown
chó ba quanh mới nằm gà ba lần vỗ cánh mới gáy,unknown unknown unknown unknown unknown unknown unknown unknown unknown unknown unknown unknown
rét tháng ba bà già chết cóng,unknown unknown unknown unknown unknown unknown unknown
Ăn một bát cháo chạy ba quãng đồng,unknown unknown unknown unknown unknown unknown unknown unknown
cái áo có giá một trăm hai mươi sáu nghìn đồng,unknown unknown unknown unknown num num num num num num unknown
cái quần có giá một trăm hai mươi sáu nghìn đồng,unknown unknown unknown unknown num num num num num num unknown
món đồ trị giá chín triệu năm trăm sáu mươi nghìn đồng,unknown unknown unknown unknown num num num num num num num unknown
hai anh en,num unknown unknown
một anh,num unknown
hai anh,num unknown
ba anh,num unknown
bốn anh,num unknown
năm anh,num unknown
sáu anh,num unknown
bảy anh,num unknown
tám anh,num unknown
chín anh,num unknown
mười anh,num unknown
một chị,num unknown
hai chị,num unknown
ba chị,num unknown
bốn chị,num unknown
năm chị,num unknown
sáu chị,num unknown
bảy chị,num unknown
tám chị,num unknown
chín chị,num unknown
mười chị,num unknown
một ông,num unknown
hai ông,num unknown
ba ông,num unknown
bốn ông,num unknown
năm ông,num unknown
sáu ông,num unknown
bảy ông,num unknown
tám ông,num unknown
chín ông,num unknown
mười ông,num unknown
một bà,num unknown
hai bà,num unknown
ba bà,num unknown
bốn bà,num unknown
năm bà,num unknown
sáu bà,num unknown
bảy bà,num unknown
tám bà,num unknown
chín bà,num unknown
mười bà,num unknown
một cô,num unknown
hai cô,num unknown
ba cô,num unknown
bốn cô,num unknown
năm cô,num unknown
sáu cô,num unknown
bảy cô,num unknown
tám cô,num unknown
chín cô,num unknown
mười cô,num unknown
một dì,num unknown
hai dì,num unknown
ba dì,num unknown
bốn dì,num unknown
năm dì,num unknown
sáu dì,num unknown
bảy dì,num unknown
tám dì,num unknown
chín dì,num unknown
mười dì,num unknown
một chú,num unknown
hai chú,num unknown
ba chú,num unknown
bốn chú,num unknown
năm chú,num unknown
sáu chú,num unknown
bảy chú,num unknown
tám chú,num unknown
chín chú,num unknown
mười chú,num unknown
một bác,num unknown
hai bác,num unknown
ba bác,num unknown
bốn bác,num unknown
năm bác,num unknown
sáu bác,num unknown
bảy bác,num unknown
tám bác,num unknown
chín bác,num unknown
mười bác,num unknown
một mợ,num unknown
hai mợ,num unknown
ba mợ,num unknown
bốn mợ,num unknown
năm mợ,num unknown
sáu mợ,num unknown
bảy mợ,num unknown
tám mợ,num unknown
chín mợ,num unknown
mười mợ,num unknown
một thím,num unknown
hai thím,num unknown
ba thím,num unknown
bốn thím,num unknown
năm thím,num unknown
sáu thím,num unknown
bảy thím,num unknown
tám thím,num unknown
chín thím,num unknown
mười thím,num unknown
một dượng,num unknown
hai dượng,num unknown
ba dượng,num unknown
bốn dượng,num unknown
năm dượng,num unknown
sáu dượng,num unknown
bảy dượng,num unknown
tám dượng,num unknown
chín dượng,num unknown
mười dượng,num unknown
Tổng thống Ba Lan ngày hai mươi hai tháng bảy đã ký các dự thảo luật cho phép ông phê chuẩn việc gia nhập na tô của Phần Lan và Thụy Điển,unknown unknown unknown unknown unknown num num unknown num unknown unknown unknown unknown unknown unknown unknown unknown unknown unknown unknown unknown unknown unknown unknown unknown unknown unknown unknown unknown unknown unknown unknown
Trước khi được Tổng thống ký thành luật các dự thảo đã được thông qua ở Hạ viện ngày bảy tháng bảy và ở Thượng viện ngày hai mươi tháng bảy,unknown unknown unknown unknown unknown unknown unknown unknown unknown unknown unknown unknown unknown unknown unknown unknown unknown unknown unknown num unknown num unknown unknown unknown unknown unknown num num unknown num
Phần Lan và Thụy Điển đã nộp đơn xin gia nhập na tô vào giữa tháng năm hai không hai hai,unknown unknown unknown unknown unknown unknown unknown unknown unknown unknown unknown unknown unknown unknown unknown unknown num num num num num
cần phải được tất cả ba mươi thành viên hiện tại của khối đồng ý,unknown unknown unknown unknown unknown num num unknown unknown unknown unknown unknown unknown unknown unknown
hai thành viên,num unknown unknown
bốn thành viên,num unknown unknown
Hơn năm giờ ngày hai mươi ba tháng bảy ô tô khách biển số Tiền Giang chở trên hai mươi người đi du lịch theo hướng từ Đà Lạt xuống Phan Thiết,unknown num unknown unknown num num num unknown num unknown unknown unknown unknown unknown unknown unknown unknown unknown num num unknown unknown unknown unknown unknown unknown unknown unknown unknown unknown unknown unknown
Khi chạy trên Quốc lộ hai mươi tám bê qua xã Phan Lân huyện Bắc Bình Bình Thuận xe bất ngờ lao nhanh,unknown unknown unknown unknown unknown num num num unknown unknown unknown unknown unknown unknown unknown unknown unknown unknown unknown unknown unknown unknown unknown
Khoảng một giờ sau chính quyền địa phương cảnh sát giao thông đến hiện trường tổ chức cứu người,unknown num unknown unknown unknown unknown unknown unknown unknown unknown unknown unknown unknown unknown unknown unknown unknown unknown unknown
Đèo Đại Ninh nằm trên Quốc lộ hai mươi tám bê dài mười hai ki lô mét là tuyến đường quan trọng nối hai điểm du lịch nổi tiếng Đà Lạt Mũi Né,unknown unknown unknown unknown unknown unknown unknown num num num unknown unknown num num unknown unknown unknown unknown unknown unknown unknown unknown unknown unknown unknown unknown unknown unknown unknown unknown unknown unknown unknown
Tai nạn thảm khốc ba người trong gia đình tử vong,unknown unknown unknown unknown num unknown unknown unknown unknown unknown unknown
Khi đến ki lô mét sáu trăm tám lăm đường tránh lũ,unknown unknown unknown unknown unknown num num num num unknown unknown unknown
xảy ra va chạm với xe ô tô bảy chỗ,unknown unknown unknown unknown unknown unknown unknown unknown num unknown
sinh năm một chín sáu lăm,unknown unknown num num num num
sinh năm một chín bảy tám,unknown unknown num num num num
sinh năm một nghìn chín trăm hai mươi lăm,unknown unknown num num num num num num num
sinh năm hai lẻ bảy,unknown unknown num num num
chở theo bốn người,unknown unknown num unknown
Trên xe ông xê khi đó chở theo bốn người đều trú tại Hà Tĩnh gồm bà Trần Thị Linh sinh năm một chín bảy ba chị Nguyễn Thị Vân A sinh năm một nghìn chín trăm chín chín,unknown unknown unknown unknown unknown unknown unknown unknown num unknown unknown unknown unknown unknown unknown unknown unknown unknown unknown unknown unknown unknown num num num num unknown unknown unknown unknown unknown unknown unknown num num num num num num
một người,num unknown
hai người,num unknown
ba người,num unknown
Trả lời VietNamNet lúc mười lăm giờ cùng ngày,unknown unknown unknown unknown num num unknown unknown unknown
trong ba nạn nhân được đưa đi cấp cứu có một nạn nhân nữ đã tử vong,unknown num unknown unknown unknown unknown unknown unknown unknown unknown num unknown unknown unknown unknown unknown unknown
trước đó hiện hai nạn nhân còn lại tỉnh táo và đang được chăm sóc đặc biệt,unknown unknown unknown num unknown unknown unknown unknown unknown unknown unknown unknown unknown unknown unknown unknown unknown
Người thứ ba tử vong được xác định là,unknown unknown unknown unknown unknown unknown unknown unknown unknown
Cả ba nạn nhân tử nạn là người trong một gia đình,unknown num unknown unknown unknown unknown unknown unknown unknown unknown unknown unknown
phải hơn một tiếng sau lực lượng cứu hộ mới đưa được thi thể ra ngoài,unknown unknown num unknown unknown unknown unknown unknown unknown unknown unknown unknown unknown unknown unknown unknown
Đầu chiếc ô tô bảy chỗ cũng bị biến dạng,unknown unknown unknown unknown num unknown unknown unknown unknown unknown
Vụ tai nạn nghiêm trọng đã khiến ba người trong một gia đình tử vong,unknown unknown unknown unknown unknown unknown unknown num unknown unknown unknown unknown unknown unknown unknown
hai người tử vong trên ô tô bảy chỗ sau cú tông trực diện xe đầu kéo,num unknown unknown unknown unknown unknown unknown num unknown unknown unknown unknown unknown unknown unknown unknown unknown
hai người ngồi trên xe ô tô bảy chỗ tử vong tại chỗ,num unknown unknown unknown unknown unknown unknown num unknown unknown unknown unknown unknown
ba người bị thương nặng đang được đưa đi cấp cứu,num unknown unknown unknown unknown unknown unknown unknown unknown unknown unknown
Khoảng mười hai giờ mười lăm trưa nay ngày bốn tháng bảy,unknown num num unknown num num unknown unknown unknown num unknown num
tại khu vực đường tránh quốc lộ một a,unknown unknown unknown unknown unknown unknown unknown num unknown
tai nạn giao thông đặc biệt nghiêm trọng khiến năm người thương vong,unknown unknown unknown unknown unknown unknown unknown unknown unknown num unknown unknown unknown
ô tô bảy chỗ mang biển số ba tám a số một trăm mười bốn chấm ba lăm,unknown unknown num unknown unknown unknown unknown num num unknown unknown num num num num unknown num num
xe đầu kéo mang biển kiểm soát số bảy mươi sáu xê số không sáu không chấm bốn chín,unknown unknown unknown unknown unknown unknown unknown unknown num num num unknown unknown num num num unknown num num
hai người ngồi trên ô tô bảy chỗ tử vong tại chỗ,num unknown unknown unknown unknown unknown num unknown unknown unknown unknown unknown
ba người bị thương đang cấp cứu tại bệnh viện,num unknown unknown unknown unknown unknown unknown unknown unknown unknown
trong đó có một người bị thương nặng,unknown unknown unknown num unknown unknown unknown unknown
quốc lộ hai mươi tám bê,unknown unknown num num num unknown
Khoảng một giờ sau cảnh sát giao thông đến hiện trường tổ chức cứu người,unknown num unknown unknown unknown unknown unknown unknown unknown unknown unknown unknown unknown unknown unknown
dài mười hai ki lô mét,unknown num num unknown unknown unknown
Sở hữu Thẻ tín dụng chỉ ba mươi phút,unknown unknown unknown unknown unknown unknown num num unknown
bệnh tiểu đường loại hai,unknown unknown unknown unknown num
lưu hành thêm ba ngàn năm trăm bảy mươi chín thuốc vaccine và sinh phẩm y tế,unknown unknown unknown num num num num num num num unknown unknown unknown unknown unknown unknown unknown
ngày hai tháng sáu hai không hai hai Cục Quản lý Dược thông báo sáu ngàn hai trăm năm mươi mốt thuốc,unknown num unknown num num num num num unknown unknown unknown unknown unknown unknown num num num num num num num unknown
sinh phẩm y tế gồm bốn ngàn sáu trăm ba mươi mốt thuốc sản xuất trong nước,unknown unknown unknown unknown unknown num num num num num num num unknown unknown unknown unknown unknown
hết hạn trước ba mươi tháng sáu hai không hai hai,unknown unknown unknown num num unknown num num num num num
sinh phẩm y tế được gia hạn qua hai đợt lên gần mười ngàn,unknown unknown unknown unknown unknown unknown unknown unknown num unknown unknown unknown num num
vào năm hai ngàn không trăm hai ba,unknown unknown num num num num num num
đầu tư ba ngàn một trăm năm mươi tỷ đồng,unknown unknown num num num num num num num unknown
diện tích một trăm bảy mươi héc ta,unknown unknown num num num num unknown unknown
Giai đoạn một của dự án,unknown unknown num unknown unknown unknown
diện tích năm ngàn héc ta,unknown unknown num num unknown unknown
Quý ba,unknown num
học hai tiếng cùng mình,unknown num unknown unknown unknown
quận một,unknown num
quận hai,unknown num
quận ba,unknown num
quận bốn,unknown num
quận năm,unknown num
quận sáu,unknown num
quận bảy,unknown num
quận tám,unknown num
quận chín,unknown num
quận mười,unknown num
mới đây trong tập bảy mùa năm,unknown unknown unknown unknown num unknown num
tập một mùa hai,unknown num unknown num
tập hai mùa ba,unknown num unknown num
tập ba mùa bốn,unknown num unknown num
tập bốn mùa năm,unknown num unknown num
mười ba bình luận,num num unknown unknown
mười lăm bình luận,num num unknown unknown
một trăm năm mươi hai bình luận,num num num num num unknown unknown
mười sáu bình luận,num num unknown unknown
hai mươi bảy bình luận,num num num unknown unknown
mười ba lượt chia sẻ,num num unknown unknown unknown
mười lăm lượt chia sẻ,num num unknown unknown unknown
một trăm năm mươi hai lượt chia sẻ,num num num num num unknown unknown unknown
mười sáu lượt chia sẻ,num num unknown unknown unknown
hai mươi bảy lượt chia sẻ,num num num unknown unknown unknown
Thanh lí dàn game cực ngon đẹp chín chín phần trăm,unknown unknown unknown unknown unknown unknown unknown num num unknown unknown
mười phần trăm,num unknown unknown
hai phần trăm,num unknown unknown
chín mươi tám phần trăm,num num num unknown unknown
chín tám phần trăm,num num unknown unknown
hai mươi ba phần trăm,num num num unknown unknown
bốn phần trăm,num unknown unknown
bài hát đã có phần hai,unknown unknown unknown unknown unknown num
năm trăm anh em,num num unknown unknown
tóp một,unknown num
tóp hai,unknown num
tóp ba,unknown num
tóp bốn,unknown num
tóp năm,unknown num
một trăm cửa hàng,num num unknown unknown
hai cửa hàng,num unknown unknown
ba cửa hàng,num unknown unknown
bốn cửa hàng,num unknown unknown
năm cửa hàng,num unknown unknown
sáu cửa hàng,num unknown unknown
nướng ở nhiệt độ ba trăm năm mươi độ xê,unknown unknown unknown unknown num num num num unknown unknown
hai trăm độ xê,num num unknown unknown
sáu trăm độ xê,num num unknown unknown
hai trăm hai mươi độ xê,num num num num unknown unknown
ba trăm độ xê,num num unknown unknown
sáu trăm độ xê,num num unknown unknown
trích kinh nghiệm của một cao thủ,unknown unknown unknown unknown unknown unknown unknown
hai cao thủ,num unknown unknown
hai mươi tháng bảy lúc mười giờ ba mươi tư phút,num num unknown num unknown num unknown num num num unknown
hai mươi mốt tháng tám lúc mười giờ ba mươi hai phút,num num num unknown num unknown num unknown num num num unknown
hai mươi lăm tháng tám lúc hai giờ ba mươi tư phút,num num num unknown num unknown num unknown num num num unknown
hai mươi tháng bảy lúc mười giờ ba mươi mốt phút,num num unknown num unknown num unknown num num num unknown
mười lăm tháng bảy lúc mười giờ ba mươi tư phút,num num unknown num unknown num unknown num num num unknown
khoảng hai tỷ đồng,unknown num unknown unknown
sở hữu hai căn phòng ngủ với diện tích tám mốt mét vuông,unknown unknown num unknown unknown unknown unknown unknown unknown num num unknown unknown
bốn phòng khách,num unknown unknown
hai phòng tắm,num unknown unknown
năm phòng,num unknown
sáu phòng,num unknown
bảy phòng,num unknown
tám phòng,num unknown
chín phòng,num unknown
môi giới chào với giá sáu chục đến sáu lăm triệu đồng trên mét vuông,unknown unknown unknown unknown unknown num num unknown num num unknown unknown unknown unknown unknown
cách khoảng sáu ki lô mét,unknown unknown num unknown unknown unknown
bảy ki lô mét,num unknown unknown unknown
tám ki lô mét,num unknown unknown unknown
chín ki lô mét,num unknown unknown unknown
mười ki lô mét,num unknown unknown unknown
mười hai ki lô mét,num num unknown unknown unknown
thắng cả ba trận liên tục ghi mười một bàn và chỉ thủng lưới hai bàn,unknown unknown num unknown unknown unknown unknown num num unknown unknown unknown unknown unknown num unknown
bốn trận,num unknown
năm trận,num unknown
sáu trận,num unknown
bảy trận,num unknown
tám trận,num unknown
một bàn,num unknown
hai bàn,num unknown
ba bàn,num unknown
bốn bàn,num unknown
ép lê nguyên trái bảy trăm gờ ram bằng máy ép chậm,unknown unknown unknown unknown num num unknown unknown unknown unknown unknown unknown
hai trăm gờ ram,num num unknown unknown
hai trăm mười gờ ram,num num num unknown unknown
ba trăm mười gờ ram,num num num unknown unknown
bảy trăm mười gờ ram,num num num unknown unknown
tám trăm mười gờ ram,num num num unknown unknown
năm ngoái,unknown unknown
năm tới,unknown unknown
năm năm sau,num unknown unknown
Nhiều chính sách mới có hiệu lực từ tháng tám năm hai ngàn không trăm hai mươi hai,unknown unknown unknown unknown unknown unknown unknown unknown unknown num unknown num num num num num num num
ba người phụ nữ tử vong nghi nhậu liên tiếp hai ngày,num unknown unknown unknown unknown unknown unknown unknown unknown unknown num unknown
Thí sinh tám mươi hai tuổi đỗ tốt nghiệp trung học phổ thông tiếp tục theo đuổi ước mơ của cuộc đời,unknown unknown num num num unknown unknown unknown unknown unknown unknown unknown unknown unknown unknown unknown unknown unknown unknown unknown unknown unknown
Cô học trò nghèo đạt điểm mười môn Ngữ văn tại Quảng Nam,unknown unknown unknown unknown unknown unknown num unknown unknown unknown unknown unknown unknown
Nàng dâu có thể gắn kết với mẹ chồng nhờ hai điều này,unknown unknown unknown unknown unknown unknown unknown unknown unknown unknown unknown unknown unknown
ba ô tô va chạm trên cao tốc thành phố hồ chí minh Trung Lương,num unknown unknown unknown unknown unknown unknown unknown unknown unknown unknown unknown unknown unknown unknown
năm mươi sáu năm tù cho ba người mua ma túy từ thành phố hồ chí minh về Cần Thơ bán kiếm lời,num num num unknown unknown unknown num unknown unknown unknown unknown unknown unknown unknown unknown unknown unknown unknown unknown unknown unknown unknown unknown 
Điểm Lịch sử tăng gấp tám lần so với năm ngoái Chuyên gia nói gì,unknown unknown unknown unknown unknown num unknown unknown unknown unknown unknown unknown unknown unknown unknown
Vĩnh Long đề nghị hủy bốn quyết định khen thưởng Huân chương Lao động,unknown unknown unknown unknown unknown num unknown unknown unknown unknown unknown unknown unknown unknown
Gia Lai thu hồi chủ trương nghiên cứu khảo sát lập quy hoạch bốn dự án,unknown unknown unknown unknown unknown unknown unknown unknown unknown unknown unknown unknown unknown num unknown unknown
Cậu bé chín tuổi cố gắng ép tim hồi sức cho mẹ gặp tai nạn ở Trung Quốc,unknown unknown num unknown unknown unknown unknown unknown unknown unknown unknown unknown unknown unknown unknown unknown unknown unknown
sáu người ở Bình Dương tử vong Tại sao thủ phạm là máy phát điện,num unknown unknown unknown unknown unknown unknown unknown unknown unknown unknown unknown unknown unknown unknown
mười cây cầu nắm giữ kỷ lục thế giới gồm cầu kính Bạch Long,num unknown unknown unknown unknown unknown unknown unknown unknown unknown unknown unknown unknown unknown
Cựu trợ lý huấn luyện viên Park Hang Seo về Bình Dương Kesley tái xuất ở tuổi bốn mươi,unknown unknown unknown unknown unknown unknown unknown unknown unknown unknown unknown unknown unknown unknown unknown unknown unknown num num
Cá buồm hơn bốn mươi lăm kg lao khỏi mặt nước đâm vào người trên thuyền,unknown unknown unknown num num num unknown unknown unknown unknown unknown unknown unknown unknown unknown unknown
Bị truy bắt kẻ buôn lậu ném ba chục ngàn viên thuốc tân dược xuống đường,unknown unknown unknown unknown unknown unknown unknown num num num unknown unknown unknown unknown unknown unknown
Bà Rịa Vũng Tàu hơn bảy mươi trung tâm văn hóa cộng đồng cấp xã đắp chiếu vì vướng cơ chế,unknown unknown unknown unknown unknown num num unknown unknown unknown unknown unknown unknown unknown unknown unknown unknown unknown unknown unknown unknown
Lịch thi đấu của U mười chín Việt Nam ở giải U mười chín Quốc tế hai không hai mươi hai,unknown unknown unknown unknown unknown num num unknown unknown unknown unknown unknown num num unknown unknown num num num num num
Xử lý gần hai mươi chín ngàn trường hợp lái xe vi phạm nồng độ cồn,unknown unknown unknown num num num num unknown unknown unknown unknown unknown unknown unknown unknown unknown
Bé trai tám tuổi suy đa cơ quan nguy kịch vì bị muỗi đốt,unknown unknown num unknown unknown unknown unknown unknown unknown unknown unknown unknown unknown unknown
Trưa hai mươi lăm tháng bảy,unknown num num num num num
giá trị một trăm phần trăm học phí,unknown unknown num num unknown unknown unknown unknown
Tuyển sinh đại học hai không hai hai Hết cảnh ba mươi điểm vẫn rớt,unknown unknown unknown unknown num num num num unknown unknown num num unknown unknown unknown
Điểm mười thi tốt nghiệp trung học phổ thông giảm mạnh,unknown num unknown unknown unknown unknown unknown unknown unknown unknown unknown
Phổ điểm năm tổ hợp xét tuyển đại học,unknown unknown num unknown unknown unknown unknown unknown unknown
Cô học trò nghèo đạt điểm mười môn Ngữ văn tại Quảng Nam,unknown unknown unknown unknown unknown unknown num unknown unknown unknown unknown unknown unknown
Kim Duyên về nước sau thành tích Á hậu hai,unknown unknown unknown unknown unknown unknown unknown unknown unknown num
Bác sĩ hì hục nhỏ mười cái răng trong khối u bám chắc xương hàm,unknown unknown unknown unknown unknown num unknown unknown unknown unknown unknown unknown unknown unknown unknown
Phát hiện hai trên ba ca hậu Covid mười chín nhiễm nấm đen Mucormycosis gây tử vong do hoại tử xương,unknown unknown num unknown num unknown unknown unknown num num unknown unknown unknown unknown unknown unknown unknown unknown unknown unknown unknown
Danh sách mười lăm họ phổ biến của người Việt,unknown unknown num num unknown unknown unknown unknown unknown unknown
một trăm họ phổ biến ở Việt Nam,num num unknown unknown unknown unknown unknown unknown
Nhà xuất bản Khoa học Xã hội xuất bản năm hai không hai hai đã thống kê,unknown unknown unknown unknown unknown unknown unknown unknown unknown unknown num num num num unknown unknown unknown
HÀNH TRÌNH mười NĂM một GIẤC MƠ,unknown unknown num unknown num unknown unknown
suy nghĩ của một con nhỏ mười lăm tuổi,unknown unknown unknown unknown unknown unknown num num unknown
Và suốt mười năm mình vẫn luôn ấp ủ ước mơ,unknown unknown num unknown unknown unknown unknown unknown unknown unknown unknown
mười năm của sự rèn luyện,num unknown unknown unknown unknown unknown
toàn phần học phí và mười nghìn Euros sinh hoạt phí,unknown unknown unknown unknown unknown num num unknown unknown unknown unknown
chỉ mười phút đến Chợ Bến Thành,unknown num unknown unknown unknown unknown unknown
chiến thuật từ bốn bốn hai sang ba bốn một hai,unknown unknown unknown num num num unknown num num num num
TĂNG một BAND CHỈ SAU năm THÁNG,unknown num unknown unknown unknown num unknown
trong vòng năm tháng,unknown unknown num unknown
bắt đầu từ học kì hai lớp mười,unknown unknown unknown unknown unknown num unknown num
một lần,num unknown
hai lần,num unknown
ba lần,num unknown
bốn lần,num unknown
năm lần,num unknown
sáu lần,num unknown
bảy lần,num unknown
tám lần,num unknown
chín lần,num unknown
đọc bài thơ đồng tháp mười mười lần,unknown unknown unknown unknown unknown unknown num unknown
hát bài hoa mười giờ mười lần,unknown unknown unknown unknown unknown num unknown
phát bài năm anh em năm lần vào thứ năm ngày năm tháng năm,unknown unknown unknown unknown unknown num unknown unknown unknown unknown unknown num unknown num
thứ sáu ngày mười ba,unknown unknown unknown num unknown
thứ bảy chủ nhật,unknown unknown unknown unknown
thứ tư ngày tám tháng chín,unknown unknown unknown num unknown num